ANZSCO_code,ANZSCO_title,ONET_code,ONET_title,Match_score,Rationale,Review
2611,ICT Business and Systems Analysts,15-1211.00,Computer Systems Analysts,0.7,"Both analyze user requirements, procedures, and data processing problems to design system specifications and functional solutions.",matches
2611,ICT Business and Systems Analysts,13-1111.00,Management Analysts,0.3,"Both analyze organizational workflows, business practices, and operating procedures to identify inefficiencies and recommend improvements.",partial
2612,Multimedia Specialists and Web Developers,15-1254.00,Web Developers,0.4,"Both write code, integrate scripts and multimedia, and develop technical site architecture and functionality.",partial
2612,Multimedia Specialists and Web Developers,15-1255.00,Web and Digital Interface Designers,0.35,"Both design visual layouts, interactive digital media, user interfaces, and multimedia elements across websites and applications. ",partial
2612,Multimedia Specialists and Web Developers,27-1014.00,Special Effects Artists and Animators,0.25,"Both create digital animations, interactive graphics, video assets, and game components using multimedia software.",partial
2613,Software and Applications Programmers,15-1252.00,Software Developers,0.45,"Both research user needs, design software solutions, and develop core application components and architectures.",partial
2613,Software and Applications Programmers,15-1251.00,Computer Programmers,0.35,"Both write, modify, debug, and maintain source code according to software technical specifications.",partial
2613,Software and Applications Programmers,15-1253.00,Software Quality Assurance Analysts and Testers,0.2,"Both execute software tests, diagnose faults and errors, and verify that programs meet quality standards and specifications.",partial
2621,"Database and Systems Administrators, and ICT Security Specialists",15-1242.00,Database Administrators,0.35,"Both administer database structures, manage data integrity and backups, and resolve database performance issues.",partial
2621,"Database and Systems Administrators, and ICT Security Specialists",15-1244.00,Network and Computer Systems Administrators,0.35,"Both install, configure, maintain, and troubleshoot server hardware, operating systems, and network workstations.",partial
2621,"Database and Systems Administrators, and ICT Security Specialists",15-1212.00,Information Security Analysts,0.3,"Both monitor systems for security risks, implement protection measures, and support disaster recovery and security procedures.",partial
2631,Computer Network Professionals,15-1244.00,Network and Computer Systems Administrators,0.5,"Both install, configure, maintain, and monitor computer networks, servers, and connected workstations.",matches
2631,Computer Network Professionals,15-1241.00,Computer Network Architects,0.3,"Both evaluate network infrastructure, design network architectures, and analyze capacity and performance requirements.",partial
2631,Computer Network Professionals,15-1231.00,Computer Network Support Specialists,0.2,"Both analyze, troubleshoot, test, and resolve day-to-day network problems and system faults.",partial
2632,ICT Support and Test Engineers,15-1253.00,Software Quality Assurance Analysts and Testers,0.5,"Both develop and execute test plans, identify system and software defects, and verify compliance with quality standards.",matches
2632,ICT Support and Test Engineers,15-1232.00,Computer User Support Specialists,0.5,"Both diagnose, troubleshoot, and resolve hardware, software, desktop, and peripheral issues for users.",matches
2633,Telecommunications Engineering Professionals,15-1241.01,Telecommunications Engineering Specialists,0.6,"Both design, configure, specify, and commission voice, data, wireless, and satellite telecommunications systems and networks.",matches
2633,Telecommunications Engineering Professionals,17-2072.00,"Electronics Engineers, Except Computer",0.4,"Both design circuits, transmission lines, and electronic communications equipment and evaluate signal and system performance.",matches
3131,ICT Support Technicians,15-1232.00,Computer User Support Specialists,0.7,"Both provide first-line technical support to users, answer inquiries, install software, and troubleshoot hardware and software problems.",matches
3131,ICT Support Technicians,49-2011.00,"Computer, Automated Teller, and Office Machine Repairers",0.3,"Both test, repair, and replace peripheral devices and computer hardware equipment including printers and terminals.",partial
3132,Telecommunications Technical Specialists,49-2022.00,"Telecommunications Equipment Installers and Repairers, Except Line Installers",0.45,"Both install, configure, maintain, and repair telecommunications switching, routing, and distribution equipment.",matches
3132,Telecommunications Technical Specialists,49-2021.00,"Radio, Cellular, and Tower Equipment Installers and Repairers",0.3,"Both install, maintain, test, and repair microwave, radio, telemetry, and cellular telecommunications systems.",partial
3132,Telecommunications Technical Specialists,15-1231.00,Computer Network Support Specialists,0.25,"Both test, troubleshoot, and monitor telecommunications network infrastructure, hardware, and connected workstations.",partial
2241,"Actuaries, Mathematicians and Statisticians",15-2011.00,Actuaries,0.4,"Both analyze statistical data to assess risk, calculate liabilities, and design insurance premiums, pensions, and annuity policies.",matches
2241,"Actuaries, Mathematicians and Statisticians",15-2041.00,Statisticians,0.35,"Both design data collection methodologies, analyze numerical data, and infer trends and patterns using statistical techniques.",matches
2241,"Actuaries, Mathematicians and Statisticians",15-2021.00,Mathematicians,0.25,Both formulate mathematical models to simulate processes and apply numerical analysis algorithms to solve complex computational problems.,matches
2232,ICT Trainers,13-1151.00,Training and Development Specialists,0.7,"Both analyze organizational technical training needs, design instructional programs and materials, and deliver group or individual IT instruction.",matches
2232,ICT Trainers,27-3042.00,Technical Writers,0.3,"Both research software and systems to write user guides, instructional materials, tutorials, and operating manuals.",partial
2252,ICT Sales Professionals,41-4011.00,"Sales Representatives, Wholesale and Manufacturing, Technical and Scientific Products",0.6,"Both prospect business clients, present technical product capabilities, quote prices, and sell specialized ICT equipment and services to organizations.",matches
2252,ICT Sales Professionals,41-9031.00,Sales Engineers,0.4,"Both analyze customer technical requirements, prepare customized ICT technical solutions, and provide post-purchase support and modification.",partial
6212,ICT Sales Assistants,41-2031.00,Retail Salespersons,1,"Both assist retail customers, explain product features, process transactions, and sell electronic goods, phones, and computers directly to consumers.",matches
2511,Nutrition Professionals,29-1031.00,Dietitians and Nutritionists,0.8,"Both plan nutritional programs, evaluate dietary health, assess patients, and consult with medical professionals to manage dietary requirements.",matches
2511,Nutrition Professionals,29-2051.00,Dietetic Technicians,0.2,"Both supervise meal planning and food preparation, calculate nutritional values, and provide foundational food service nutritional support.",partial
2512,Medical Imaging Professionals,29-2034.00,Radiologic Technologists and Technicians,0.35,"Both position patients, set exposure levels, and take diagnostic x-rays and CT scans under medical practitioner referral.",matches
2512,Medical Imaging Professionals,29-2032.00,Diagnostic Medical Sonographers,0.25,Both operate ultrasound equipment to produce and review diagnostic recordings and images of internal organs for physicians.,matches
2512,Medical Imaging Professionals,29-1124.00,Radiation Therapists,0.2,Both prepare radiation equipment and deliver calculated radiation treatments to patients in accordance with medical prescriptions.,matches
2512,Medical Imaging Professionals,29-2033.00,Nuclear Medicine Technologists,0.2,"Both prepare and administer radioisotopes, calculate dosage levels, and operate specialized equipment for nuclear diagnostic studies.",matches
2515,Pharmacists,29-1051.00,Pharmacists,0.7,"Both review prescriptions, dispense medications, counsel patients on drug therapies, and monitor for adverse interactions.",matches
2515,Pharmacists,19-1042.00,"Medical Scientists, Except Epidemiologists",0.3,"Both conduct research, testing, and clinical analysis to develop, evaluate, and standardize pharmaceutical products.",partial
2523,Dental Practitioners,29-1021.00,"Dentists, General",0.7,"Both diagnose oral diseases, provide preventive and restorative dental care, and educate patients on oral hygiene.",matches
2523,Dental Practitioners,29-1023.00,Orthodontists,0.15,"Both examine, diagnose, and treat dental malocclusions using orthodontic appliances and corrective procedures.",partial
2523,Dental Practitioners,29-1024.00,Prosthodontists,0.15,"Both design, construct, and fit prostheses and complex restorations to restore oral function and appearance.",partial
2524,Occupational Therapists,29-1122.00,Occupational Therapists,1,"Both assess functional capabilities, design rehabilitative activity programs, and recommend environmental adaptations and assistive devices. ",matches
2525,Physiotherapists,29-1123.00,Physical Therapists,1,"Both assess physical and functional limitations, design rehabilitation plans, and treat movement disorders using therapeutic exercise and physical modalities.",matches
2527,Audiologists and Speech Pathologists / Therapists,29-1181.00,Audiologists,0.5,"Both administer audiometric evaluations, assess auditory system disorders, and prescribe and fit hearing aids.",matches
2527,Audiologists and Speech Pathologists / Therapists,29-1127.00,Speech-Language Pathologists,0.5,"Both assess and provide therapeutic interventions for individuals with speech, language, voice, and fluency disorders.",matches
2544,Registered Nurses,29-1141.00,Registered Nurses,1,"Both assess patient health needs, develop care plans, administer treatments and medications, and coordinate patient care with health teams.",matches
2541,Midwives,29-9099.01,Midwives,0.5,"Both provide antenatal care, monitor maternal and fetal health, and assist throughout labor, childbirth, and the postpartum period.",matches
2541,Midwives,29-1161.00,Nurse Midwives,0.5,"Both provide comprehensive prenatal, intrapartum, and postpartum care, manage deliveries, and conduct health education for mothers.",matches
2346,Medical Laboratory Scientists,29-2011.00,Medical and Clinical Laboratory Technologists,0.6,"Both perform complex laboratory analyses of body fluids and tissues to aid in the diagnosis, treatment, and prevention of disease.",matches
2346,Medical Laboratory Scientists,29-2011.04,Histotechnologists,0.2,Both prepare and process tissue sections and histological specimens for microscopic evaluation and diagnosis.,partial
2346,Medical Laboratory Scientists,19-1022.00,Microbiologists,0.2,"Both isolate, examine, and analyze microbial specimens to study the characteristics and effects of infectious organisms.",partial
2723,Psychologists and Psychotherapists,19-3033.00,Clinical and Counseling Psychologists,0.5,"Both assess cognitive, behavioral, and emotional disorders, administer diagnostic tests, and deliver individual and group treatment programs.",matches
2723,Psychologists and Psychotherapists,19-3032.00,Industrial-Organizational Psychologists,0.3,"Both perform job analyses, study workplace motivation and group dynamics, and develop selection and assessment tools.",matches
2723,Psychologists and Psychotherapists,19-3034.00,School Psychologists,0.2,"Both assess student characteristics and learning difficulties, design diagnostic testing instruments, and recommend educational interventions.",matches
4111,Ambulance Officers and Paramedics,29-2043.00,Paramedics,0.6,"Both assess critical illnesses and injuries, provide advanced emergency life support, and administer medications according to protocol.",matches
4111,Ambulance Officers and Paramedics,29-2042.00,Emergency Medical Technicians,0.4,"Both respond to emergency calls, provide basic medical care, and safely transport sick and injured individuals to medical facilities.",matches
4112,"Dental Hygienists, Technicians and Therapists",29-1292.00,Dental Hygienists,0.65,"Both administer prophylactic cleaning, remove deposits, apply fluorides and sealants, and deliver oral hygiene education.",matches
4112,"Dental Hygienists, Technicians and Therapists",51-9081.00,Dental Laboratory Technicians,0.35,"Both construct, fabricate, alter, and repair full or partial dentures, crowns, and oral appliances.",matches
3112,Medical Technicians,29-2031.00,Cardiovascular Technologists and Technicians,0.3,Both operate diagnostic and monitoring equipment to conduct tests on the cardiovascular system and record electrical heart activity.,matches
3112,Medical Technicians,29-2012.00,Medical and Clinical Laboratory Technicians,0.25,Both perform routine laboratory tests on body fluids and tissues and prepare specimens for microscopic analysis.,matches
3112,Medical Technicians,29-2055.00,Surgical Technologists,0.25,"Both prepare and maintain operating theatres, set up surgical equipment, and assist operating room teams during procedures.",matches
3112,Medical Technicians,29-2052.00,Pharmacy Technicians,0.2,"Both assist with preparing medications, processing prescription orders, and maintaining pharmaceutical stock.",matches
4114,Enrolled and Mothercraft Nurses,29-2061.00,Licensed Practical and Licensed Vocational Nurses,0.65,"Both provide hands-on nursing care, administer medications, monitor patient responses, and work under registered nurse supervision.",matches
4114,Enrolled and Mothercraft Nurses,39-9011.01,Nannies,0.35,"Both provide daily physical care, feeding, and settling routines for infants while supporting parents with newborn care practices.",partial
4231,Aged and Disabled Carers,31-1122.00,Personal Care Aides,0.5,"Both provide personal care assistance with dressing, hygiene, mobility, and routine domestic tasks for elderly or disabled clients.",matches
4231,Aged and Disabled Carers,31-1121.00,Home Health Aides,0.5,"Both assist individuals in home environments with activities of daily living, housekeeping, meal preparation, and basic health-related support.",matches
4232,Dental Assistants,31-9091.00,Dental Assistants,1,"Both prepare patients, sterilize instruments, assist dentists chairside during procedures, and handle administrative and reception tasks.",matches
4233,Nursing Support and Personal Care Workers,31-1131.00,Nursing Assistants,0.6,"Both assist patients with daily personal care, mobility, feeding, vital sign observation, and basic health-related tasks under nurse direction.",matches
4233,Nursing Support and Personal Care Workers,31-2022.00,Physical Therapist Aides,0.2,"Both assist therapy professionals with patient preparation, mobility support, and routine rehabilitation exercise activities.",partial
4233,Nursing Support and Personal Care Workers,31-1133.00,Psychiatric Aides,0.2,"Both assist patients experiencing cognitive impairment, dementia, or behavioral difficulties with daily living and therapy interventions.",partial
3613,Veterinary Nurses,29-2056.00,Veterinary Technologists and Technicians,0.75,"Both assist veterinarians during clinical procedures and surgeries, perform lab tests, administer medications, and monitor animal recovery.",matches
3613,Veterinary Nurses,31-9096.00,Veterinary Assistants and Laboratory Animal Caretakers,0.25,"Both restrain animals for examination, clean and sterilize surgical equipment, feed recovering animals, and assist with clinical clerical duties.",partial
2211,Accountants,13-2011.00,Accountants and Auditors,0.7,"Both analyze accounting records, prepare financial statements, evaluate operational costs, and advise on internal control and financial reporting systems.",matches
2211,Accountants,13-2082.00,Tax Preparers,0.3,Both prepare and compute tax returns for individuals and corporate entities in accordance with statutory tax laws and regulations.,partial
2212,"Auditors, Company Secretaries and Corporate Treasurers",13-2011.00,Accountants and Auditors,0.45,"Both examine accounting records, evaluate internal control systems, conduct financial audits, and report audit findings to management.",matches
2212,"Auditors, Company Secretaries and Corporate Treasurers",13-2054.00,Financial Risk Specialists,0.3,"Both identify, analyze, and measure corporate exposure to financial, operational, and capital risks and help structure risk controls.",partial
2212,"Auditors, Company Secretaries and Corporate Treasurers",13-1041.00,Compliance Officers,0.25,"Both examine governance records and evaluate conformity with corporation laws, securities listing rules, and statutory filing guidelines.",matches
2221,Financial Brokers,13-2072.00,Loan Officers,0.4,"Both evaluate client financial requirements, recommend suitable loan structures, examine repayment conditions, and arrange mortgage and commercial financing.",matches
2221,Financial Brokers,41-3021.00,Insurance Sales Agents,0.3,"Both assess clients' financial risks, explain policy conditions, calculate premium options, and arrange insurance coverage with underwriters.",matches
2221,Financial Brokers,41-3031.00,"Securities, Commodities, and Financial Services Sales Agents",0.3,"Both monitor market pricing trends and negotiate the purchase, sale, or trade of commodities, minerals, and financial products.",partial
2223,Financial Investment Advisers and Managers,13-2052.00,Personal Financial Advisors,0.5,"Both interview clients to evaluate assets and goals, recommend insurance and securities, and develop personalized financial plans.",matches
2223,Financial Investment Advisers and Managers,13-2051.00,Financial and Investment Analysts,0.3,"Both analyze financial data, evaluate investment programs, and monitor investment performance and market conditions.",matches
2223,Financial Investment Advisers and Managers,41-3031.00,"Securities, Commodities, and Financial Services Sales Agents",0.2,Both execute trades of stocks and bonds and advise clients on securities market conditions and asset purchases.,partial
2231,Human Resource Professionals,13-1071.00,Human Resources Specialists,0.6,"Both recruit and screen applicants, conduct staff onboarding, maintain personnel records, and handle employee relations.",matches
2231,Human Resource Professionals,13-1075.00,Labor Relations Specialists,0.4,"Both interpret employment agreements, resolve workplace grievances, and participate in collective bargaining and contract negotiations.",matches
2243,Economists,19-3011.00,Economists,1,"Both research and analyze economic data, examine fiscal and monetary policy impacts, forecast trends, and prepare economic reports.",matches
2244,Intelligence and Policy Analysts,33-3021.06,Intelligence Analysts,0.55,"Both gather and collate intelligence data, assess threat and security risks, verify source reliability, and compile briefings.",matches
2244,Intelligence and Policy Analysts,19-3094.00,Political Scientists,0.45,"Both research public policy issues, assess legislative proposals, analyze political feasibility, and prepare policy briefing documents.",matches
2247,Management and Organisation Analysts,13-1111.00,Management Analysts,1,"Both conduct organizational and workflow studies, design improved methods and procedures, and prepare operational manuals for management.",matches
2251,Advertising and Marketing Professionals,13-1161.00,Market Research Analysts and Marketing Specialists,0.7,"Both gather consumer preference data, research market conditions, and plan advertising and promotional campaigns to drive sales.",matches
2251,Advertising and Marketing Professionals,13-1161.01,Search Marketing Strategists,0.3,"Both evaluate online market trends, track target user behaviors, and design digital marketing strategies to reach potential customers.",partial
2253,Public Relations Professionals,27-3031.00,Public Relations Specialists,0.75,"Both write news releases, coordinate media interviews, and execute promotional campaigns to establish and maintain a favorable public image.",matches
2253,Public Relations Professionals,13-1121.00,"Meeting, Convention, and Event Planners",0.25,"Both plan and coordinate special promotional events, seminars, social functions, and media gatherings to engage the public.",partial
5111,"Contract, Program and Project Administrators",13-1082.00,Project Management Specialists,0.6,"Both track project schedules, coordinate procurement paperwork, resolve contractor variations, and monitor timeline outcomes.",matches
5111,"Contract, Program and Project Administrators",13-1041.00,Compliance Officers,0.4,"Both review contract agreements, investigate conformity with contractual requirements, and monitor program adherence to specifications.",partial
5511,Accounting Clerks,43-3031.00,"Bookkeeping, Accounting, and Auditing Clerks",0.5,"Both calculate, verify, and post accounts payable and receivable records, reconcile bank statements, and summarize financial data.",matches
5511,Accounting Clerks,43-3021.00,Billing and Posting Clerks,0.3,"Both compile numerical expenditure data, reconcile invoices, and prepare billing and payment documentation.",partial
5511,Accounting Clerks,13-1051.00,Cost Estimators,0.2,"Both compile standard cost data, calculate material and labor cost variations, and analyze expenditures for operational budgeting.",partial
5512,Bookkeepers,43-3031.00,"Bookkeeping, Accounting, and Auditing Clerks",0.7,"Both maintain and balance ledgers, record financial transactions, reconcile accounts against bank statements, and prepare financial reports.",matches
5512,Bookkeepers,13-2082.00,Tax Preparers,0.3,Both assemble financial records to prepare tax forms and report business tax entitlements and obligations.,partial
5211,Personal Assistants,43-6011.00,Executive Secretaries and Executive Administrative Assistants,0.7,"Both conduct research, prepare correspondence, manage appointment diaries, schedule meetings, and maintain confidential office records.",matches
5211,Personal Assistants,43-6014.00,"Secretaries and Administrative Assistants, Except Legal, Medical, and Executive",0.3,"Both handle routine clerical duties including drafting routine documents, managing travel arrangements, and processing mail.",matches
5311,General Clerks,43-9061.00,"Office Clerks, General",0.65,"Both perform varied clerical tasks including filing, copying, handling correspondence, operating office equipment, and answering telephones.",matches
5311,General Clerks,43-9022.00,Word Processors and Typists,0.2,"Both type routine reports, transcribe information from recordings or rough drafts into computers, and correct text.",partial
5311,General Clerks,43-4171.00,Receptionists and Information Clerks,0.15,"Both receive visitors, take telephone messages, and provide routine information about organizational services to callers.",partial
5521,Bank Workers,43-3071.00,Tellers,0.7,"Both accept cash and check deposits, cash checks, pay out withdrawals, balance cash drawers, and process financial transactions.",matches
5521,Bank Workers,43-4141.00,New Accounts Clerks,0.3,"Both open and close customer accounts, verify customer identification, and explain available banking services and products.",partial
5522,Credit and Loans Officers,43-4131.00,Loan Interviewers and Clerks,0.4,"Both review loan applications, verify applicant background information, prepare loan documents, and check completeness against lending policies.",matches
5522,Credit and Loans Officers,13-2072.00,Loan Officers,0.35,"Both evaluate client financial status, determine loan risk, and authorize or recommend approval of credit, commercial, and mortgage applications.",matches
5522,Credit and Loans Officers,43-4041.00,"Credit Authorizers, Checkers, and Clerks",0.25,"Both analyze credit histories, verify credit references, authorize credit limits, and respond to inquiries regarding credit standing.",partial
5994,Human Resource Clerks,43-4161.00,"Human Resources Assistants, Except Payroll and Timekeeping",0.8,"Both compile and maintain employee personnel records, process job applications, answer inquiries on employment conditions, and prepare personnel reports.",matches
5994,Human Resource Clerks,43-4071.00,File Clerks,0.2,"Both organize, store, classify, and retrieve paper and digital personnel files, documents, and employee records.",partial
5911,Purchasing and Supply Logistics Clerks,43-5071.00,"Shipping, Receiving, and Inventory Clerks",0.4,"Both count incoming stock, maintain inventory records, reconcile orders, and verify goods received or shipped.",partial
5911,Purchasing and Supply Logistics Clerks,43-3061.00,Procurement Clerks,0.35,"Both check purchase requests, compile vendor information, and prepare purchase orders for materials and supplies.",partial
5911,Purchasing and Supply Logistics Clerks,43-5061.00,"Production, Planning, and Expediting Clerks",0.25,"Both review orders, check stock levels, and compile production and delivery schedules to coordinate materials flow.",partial
6121,Real Estate Sales Agents,41-9022.00,Real Estate Sales Agents,0.75,"Both list properties, interview prospective buyers, show real estate, discuss sales conditions, and draw up contracts.",matches
6121,Real Estate Sales Agents,41-9021.00,Real Estate Brokers,0.25,"Both oversee property transactions, handle leasing and business agreements, and manage real estate operational affairs.",partial
2111,"Actors, Dancers and Other Entertainers",27-2011.00,Actors,0.4,"Both study scripts, learn lines, rehearse roles, and portray characters in film, television, radio, and theatre productions.",matches
2111,"Actors, Dancers and Other Entertainers",27-2031.00,Dancers,0.35,"Both rehearse choreographed routines, coordinate bodily movements, and perform dances before live audiences or on camera.",matches
2111,"Actors, Dancers and Other Entertainers",27-2032.00,Choreographers,0.25,"Both create dance routines, compose dance notations, and direct performers during rehearsals for staged productions.",partial
2112,Music Professionals,27-2042.00,Musicians and Singers,0.5,"Both rehearse musical repertoire and play instruments or sing vocal parts in recitals, bands, orchestras, and recordings.",matches
2112,Music Professionals,27-2041.00,Music Directors and Composers,0.5,"Both compose original musical scores, translate compositions to notation, and direct musical groups during rehearsals and performances.",matches
2113,Photographers,27-4021.00,Photographers,0.7,"Both select cameras, position lighting equipment, set apertures, compose shots, and photograph subjects across various environments.",matches
2113,Photographers,51-9151.00,Photographic Process Workers and Processing Machine Operators,0.3,"Both develop photographic film, mix chemical solutions, and edit or process prints and digital media.",matches
2114,Visual Arts and Crafts Professionals,27-1013.00,"Fine Artists, Including Painters, Sculptors, and Illustrators",0.6,"Both conceive and produce original paintings, drawings, and sculptures using diverse media and materials.",matches
2114,Visual Arts and Crafts Professionals,27-1012.00,Craft Artists,0.4,"Both create handmade pottery, ceramics, and craft objects using techniques such as moulding, glazing, and kiln firing.",matches
2121,"Artistic Directors, Media Producers and Presenters",27-2012.00,Producers and Directors,0.55,"Both oversee the creative and organizational aspects of media productions, direct artistic plans, and supervise production activities.",matches
2121,"Artistic Directors, Media Producers and Presenters",27-3011.00,Broadcast Announcers and Radio Disc Jockeys,0.45,"Both read news bulletins, introduce programs and guests, and deliver commentary and announcements across broadcast media.",matches
2122,"Authors, and Book and Script Editors",27-3043.00,Writers and Authors,0.5,"Both research topics, generate original ideas, and write scripts, stories, and manuscript materials for publication or performance.",matches
2122,"Authors, and Book and Script Editors",27-3041.00,Editors,0.5,"Both review, evaluate, and edit written manuscripts, scripts, and drafts to ensure narrative flow, coherence, and publication quality.",matches
2124,Journalists and Other Writers,27-3023.00,"News Analysts, Reporters, and Journalists",0.35,"Both collect information through interviews and observation to write news stories, commentaries, and analytical feature articles.",matches
2124,Journalists and Other Writers,27-3042.00,Technical Writers,0.25,"Both research and write structured technical documentation, instructional handbooks, and operational guides.",partial
2124,Journalists and Other Writers,27-3043.00,Writers and Authors,0.2,"Both originate and write promotional copy, advertising materials, and creative content for various media channels.",matches
2124,Journalists and Other Writers,27-3041.00,Editors,0.2,"Both review, edit, and proofread written texts to ensure grammatical correctness, stylistic consistency, and adherence to editorial standards.",partial
2323,"Fashion, Industrial and Jewellery Designers",27-1021.00,Commercial and Industrial Designers,0.4,"Both research user needs and prepare sketches, technical documentation, and prototypes to design commercial and industrial products.",matches
2323,"Fashion, Industrial and Jewellery Designers",27-1022.00,Fashion Designers,0.35,"Both sketch concepts, select fabrics and materials, and oversee sample creation for clothing and accessory lines.",matches
2323,"Fashion, Industrial and Jewellery Designers",51-9071.00,Jewelers and Precious Stone and Metal Workers,0.25,"Both develop design concepts and fabricate, shape, and finish jewellery and fine metal pieces.",matches
2324,"Graphic and Web Designers, and Illustrators",27-1024.00,Graphic Designers,0.4,"Both analyze communication requirements and create graphic illustrations, layouts, and visual concepts for promotional or publication media.",matches
2324,"Graphic and Web Designers, and Illustrators",15-1255.00,Web and Digital Interface Designers,0.35,"Both design visual layouts, digital interfaces, navigation, and multimedia elements for websites and interactive media.",matches
2324,"Graphic and Web Designers, and Illustrators",27-1013.00,"Fine Artists, Including Painters, Sculptors, and Illustrators",0.25,"Both prepare original sketches, artwork, and illustrations to communicate concepts and visual ideas.",matches
2325,Interior Designers,27-1025.00,Interior Designers,1,"Both analyze interior spatial and safety requirements, formulate design concepts, prepare plans, and specify interior materials and furnishings.",matches
3995,Performing Arts Technicians,27-4015.00,Lighting Technicians,0.25,"Both set up, position, and operate spotlights, lighting fixtures, and electrical rigging equipment during live, broadcast, or film productions.",partial
3995,Performing Arts Technicians,27-4014.00,Sound Engineering Technicians,0.25,"Both set up microphones, operate sound mixing consoles, and regulate audio recording and sound quality for productions.",partial
3995,Performing Arts Technicians,27-4031.00,"Camera Operators, Television, Video, and Film",0.25,"Both select and position camera equipment, adjust technical controls, and follow scene action during filming and broadcasting.",partial
3995,Performing Arts Technicians,39-5091.00,"Makeup Artists, Theatrical and Performance",0.25,Both apply cosmetics and execute special effects makeup such as scars and wounds to prepare performers for shooting and stage production.,partial
3312,Carpenters and Joiners,47-2031.00,Carpenters,0.7,"Both interpret blueprints, erect structural wooden frameworks, cut framing joints, and fit doors, windows, sub-flooring, and formwork.",matches
3312,Carpenters and Joiners,51-7011.00,Cabinetmakers and Bench Carpenters,0.3,"Both cut, shape, and join wood materials and assemble prepared wooden fittings and fixtures.",partial
3341,Plumbers,47-2152.00,"Plumbers, Pipefitters, and Steamfitters",1,"Both interpret plumbing schematics and assemble, install, and repair piping networks for water supply, sanitary drainage, gas systems, and mechanical fixtures.",matches
3311,Bricklayers and Stonemasons,47-2021.00,Brickmasons and Blockmasons,0.55,"Both lay bricks and concrete blocks in mortar, verify alignment, and repair masonry structures.",matches
3311,Bricklayers and Stonemasons,47-2022.00,Stonemasons,0.45,"Both cut, shape, and set stone slabs and blocks to construct stone walls and structures.",matches
3322,Painting Trades Workers,47-2141.00,"Painters, Construction and Maintenance",0.75,"Both prepare surfaces, mix paint colors, and apply coatings using brushes, rollers, and spray equipment.",matches
3322,Painting Trades Workers,47-2142.00,Paperhangers,0.25,"Both prepare wall surfaces, align patterns, and hang decorative wallpaper or fabrics.",partial
3411,Electricians,47-2111.00,Electricians,1,"Both examine wiring diagrams, run and connect electrical cables, install switchboards, and test circuit continuity.",matches
3421,Airconditioning and Refrigeration Mechanics,49-9021.00,"Heating, Air Conditioning, and Refrigeration Mechanics and Installers",1,"Both install piping, test for refrigerant leaks, connect compressors and evaporators, and repair HVAC and refrigeration systems.",matches
3423,Electronics Trades Workers,49-2094.00,"Electrical and Electronics Repairers, Commercial and Industrial Equipment",0.7,"Both test, diagnose, adjust, and repair electronic instruments, equipment, and industrial control systems.",matches
3423,Electronics Trades Workers,49-2021.00,"Radio, Cellular, and Tower Equipment Installers and Repairers",0.3,"Both monitor radio traffic, transmit messages, and service communications and radio transmitting equipment.",partial
3424,Telecommunications Trades Workers,49-2022.00,"Telecommunications Equipment Installers and Repairers, Except Line Installers",0.55,"Both install, test, and repair telecommunications equipment, appliances, telephones, and data wiring.",matches
3424,Telecommunications Trades Workers,49-9052.00,Telecommunications Line Installers and Repairers,0.45,"Both erect, lay, join, and maintain aerial and underground cables and wiring for communications transmission.",matches
3211,Automotive Electricians,49-2096.00,"Electronic Equipment Installers and Repairers, Motor Vehicles",0.55,"Both install, test, and repair electronic accessories, communications equipment, and sound systems in motor vehicles.",matches
3211,Automotive Electricians,49-3023.00,Automotive Service Technicians and Mechanics,0.45,"Both diagnose automotive electrical faults, adjust engine timing controls, and replace defective starters, alternators, and ignition wiring.",matches
3212,Motor Mechanics,49-3023.00,Automotive Service Technicians and Mechanics,0.8,"Both diagnose vehicle engine malfunctions, perform routine maintenance tune-ups, and repair or overhaul mechanical vehicle components.",matches
3212,Motor Mechanics,49-3031.00,Bus and Truck Mechanics and Diesel Engine Specialists,0.2,"Both diagnose, overhaul, and service heavy vehicle engines, transmissions, and mechanical drive assemblies.",partial
3232,Metal Fitters and Machinists,51-4041.00,Machinists,0.55,"Both set up machine tools and shape metal stock to fine tolerances using lathes, presses, milling, and grinding machines.",matches
3232,Metal Fitters and Machinists,49-9041.00,Industrial Machinery Mechanics,0.45,"Both diagnose malfunctions, overhaul mechanical parts, install pneumatic and hydraulic lines, and perform operational machinery maintenance.",matches
3223,Structural Steel and Welding Trades Workers,51-4121.00,"Welders, Cutters, Solderers, and Brazers",0.5,Both cut metal shapes using torches and join metal components using manual welding and cutting techniques.,matches
3223,Structural Steel and Welding Trades Workers,51-2041.00,Structural Metal Fabricators and Fitters,0.3,"Both cut, align, position, shape, and fit parts of structural metal products according to blueprints.",partial
3223,Structural Steel and Welding Trades Workers,47-2221.00,Structural Iron and Steel Workers,0.2,"Both shape, position, and unite steel sections, columns, and structural members using bolts, rivets, and welding.",partial
3231,Aircraft Maintenance Engineers,49-3011.00,Aircraft Mechanics and Service Technicians,0.65,"Both inspect, test, dismantle, maintain, and repair aircraft engines, frames, and mechanical subassemblies.",matches
3231,Aircraft Maintenance Engineers,49-2091.00,Avionics Technicians,0.35,"Both test, inspect, adjust, and repair aircraft instrumentation, communications equipment, and electronic systems.",partial
3513,Chefs,35-1011.00,Chefs and Head Cooks,1,"Both direct kitchen operations, plan menus, estimate food costs, and prepare and cook food dishes.",matches
3514,Cooks,35-2014.00,"Cooks, Restaurant",0.7,"Both prepare, season, and cook dishes, regulate cooking equipment temperatures, and plate food portions in restaurants.",matches
3514,Cooks,35-2012.00,"Cooks, Institution and Cafeteria",0.3,Both prepare and cook large-scale meals to meet dietary requirements and store foodstuffs safely.,matches
3941,Cabinetmakers,51-7011.00,Cabinetmakers and Bench Carpenters,0.75,"Both cut, shape, join, and assemble timber and wood materials to make furniture, fittings, and finished wooden articles.",matches
3941,Cabinetmakers,51-7021.00,Furniture Finishers,0.25,"Both repair, refurbish, shape, and refinish damaged, worn, or antique furniture.",partial
3911,Hairdressers,39-5012.00,"Hairdressers, Hairstylists, and Cosmetologists",0.7,"Both cut, color, chemically treat, and style hair and provide scalp conditioning treatments to clients.",matches
3911,Hairdressers,39-5011.00,Barbers,0.3,"Both cut and trim hair, give shaves, and trim beards and moustaches using razors, clippers, and scissors.",matches
3622,Gardeners,37-3011.00,Landscaping and Groundskeeping Workers,0.7,"Both plant and maintain lawns, gardens, trees, and shrubs, and install basic landscape and hardscape features.",matches
3622,Gardeners,37-3013.00,Tree Trimmers and Pruners,0.3,"Both inspect tree conditions and prune, lop, and shape tree limbs and branches using saws and cutting tools.",matches
