question_id,question,answer_id,answer_text,riasec_code,display_order
Q1,You have some free time. Which activity sounds most interesting to you?,Q1_1,"Create something original, such as a design, story or image.",A,1
Q1,You have some free time. Which activity sounds most interesting to you?,Q1_2,Spend time helping or supporting someone.,S,2
Q1,You have some free time. Which activity sounds most interesting to you?,Q1_3,"Organise a plan, collection or set of tasks.",C,3
Q1,You have some free time. Which activity sounds most interesting to you?,Q1_4,"Build, repair or improve something practical.",R,4
Q1,You have some free time. Which activity sounds most interesting to you?,Q1_5,Explore a question and find out how something works.,I,5
Q1,You have some free time. Which activity sounds most interesting to you?,Q1_6,Start an activity and get other people involved.,E,6
Q2,"When working with other people, which role feels most natural to you?",Q2_1,Listen to others and help the group work together.,S,1
Q2,"When working with other people, which role feels most natural to you?",Q2_2,"Organise the tasks, details and deadlines.",C,2
Q2,"When working with other people, which role feels most natural to you?",Q2_3,Take care of the practical work.,R,3
Q2,"When working with other people, which role feels most natural to you?",Q2_4,Analyse the problem and check the facts.,I,4
Q2,"When working with other people, which role feels most natural to you?",Q2_5,Take the lead and move the group forward.,E,5
Q2,"When working with other people, which role feels most natural to you?",Q2_6,Come up with creative ideas.,A,6
Q3,Which challenge would you be most interested in trying?,Q3_1,Improve a process so it works smoothly.,C,1
Q3,Which challenge would you be most interested in trying?,Q3_2,"Build, repair or improve something useful.",R,2
Q3,Which challenge would you be most interested in trying?,Q3_3,Solve a difficult problem using evidence and information.,I,3
Q3,Which challenge would you be most interested in trying?,Q3_4,Convince others to support an idea.,E,4
Q3,Which challenge would you be most interested in trying?,Q3_5,Create something new and different.,A,5
Q3,Which challenge would you be most interested in trying?,Q3_6,Teach or support someone who needs help.,S,6
Q4,Something is not working as expected. What would you naturally do first?,Q4_1,Test it and try to fix it in practice.,R,1
Q4,Something is not working as expected. What would you naturally do first?,Q4_2,Investigate what caused the problem.,I,2
Q4,Something is not working as expected. What would you naturally do first?,Q4_3,Make a decision and get things moving again.,E,3
Q4,Something is not working as expected. What would you naturally do first?,Q4_4,Think of a completely different approach.,A,4
Q4,Something is not working as expected. What would you naturally do first?,Q4_5,Talk to the people involved and understand their needs.,S,5
Q4,Something is not working as expected. What would you naturally do first?,Q4_6,Review the steps and check what was missed.,C,6
Q5,"When learning something new, which approach do you prefer?",Q5_1,Research it and understand how it works.,I,1
Q5,"When learning something new, which approach do you prefer?",Q5_2,Look for ways to use it to create new opportunities.,E,2
Q5,"When learning something new, which approach do you prefer?",Q5_3,Experiment and find my own way of doing it.,A,3
Q5,"When learning something new, which approach do you prefer?",Q5_4,Learn by discussing and working with other people.,S,4
Q5,"When learning something new, which approach do you prefer?",Q5_5,Follow a clear process step by step.,C,5
Q5,"When learning something new, which approach do you prefer?",Q5_6,Try it myself and learn through practice.,R,6
Q6,Which type of work would you enjoy doing most?,Q6_1,Work where I can influence decisions and achieve goals.,E,1
Q6,Which type of work would you enjoy doing most?,Q6_2,Work that gives me freedom to create original ideas.,A,2
Q6,Which type of work would you enjoy doing most?,Q6_3,Work where I interact with and support people.,S,3
Q6,Which type of work would you enjoy doing most?,Q6_4,"Work with clear procedures, details and structure.",C,4
Q6,Which type of work would you enjoy doing most?,Q6_5,Practical work where I can see a clear result.,R,5
Q6,Which type of work would you enjoy doing most?,Q6_6,Work that involves investigating and solving difficult questions.,I,6
Q7,Which result would give you the most satisfaction?,Q7_1,Finding the answer to a difficult problem.,I,1
Q7,Which result would give you the most satisfaction?,Q7_2,Seeing a complicated process become clear and organised.,C,2
Q7,Which result would give you the most satisfaction?,Q7_3,Seeing an idea I pushed forward become successful.,E,3
Q7,Which result would give you the most satisfaction?,Q7_4,Seeing someone make progress after I supported them.,S,4
Q7,Which result would give you the most satisfaction?,Q7_5,Seeing something I made or fixed work well.,R,5
Q7,Which result would give you the most satisfaction?,Q7_6,Seeing people connect with something I created.,A,6
Q8,Which work environment sounds most appealing to you?,Q8_1,An environment where I work closely with other people.,S,1
Q8,Which work environment sounds most appealing to you?,Q8_2,A flexible environment where creativity is encouraged.,A,2
Q8,Which work environment sounds most appealing to you?,Q8_3,A hands-on environment where I can work with equipment or practical tasks.,R,3
Q8,Which work environment sounds most appealing to you?,Q8_4,A fast-moving environment where I can influence decisions and outcomes.,E,4
Q8,Which work environment sounds most appealing to you?,Q8_5,A structured environment with clear processes and responsibilities.,C,5
Q8,Which work environment sounds most appealing to you?,Q8_6,"An environment where I can investigate ideas, evidence and problems.",I,6
Q9,"When you start a new task, what do you usually focus on first?",Q9_1,What result I want to achieve.,E,1
Q9,"When you start a new task, what do you usually focus on first?",Q9_2,What needs to be done in practice.,R,2
Q9,"When you start a new task, what do you usually focus on first?",Q9_3,How I can organise the steps clearly.,C,3
Q9,"When you start a new task, what do you usually focus on first?",Q9_4,What I need to understand or investigate.,I,4
Q9,"When you start a new task, what do you usually focus on first?",Q9_5,How I can approach it in a new way.,A,5
Q9,"When you start a new task, what do you usually focus on first?",Q9_6,Who is involved and how I can work with them.,S,6
Q10,Ignore job titles for a moment. Which future sounds most interesting to you?,Q10_1,I organise information and make processes work reliably.,C,1
Q10,Ignore job titles for a moment. Which future sounds most interesting to you?,Q10_2,I create and express original ideas.,A,2
Q10,Ignore job titles for a moment. Which future sounds most interesting to you?,Q10_3,I investigate problems and discover answers.,I,3
Q10,Ignore job titles for a moment. Which future sounds most interesting to you?,Q10_4,I work directly with people and support their progress.,S,4
Q10,Ignore job titles for a moment. Which future sounds most interesting to you?,Q10_5,I influence decisions and create opportunities.,E,5
Q10,Ignore job titles for a moment. Which future sounds most interesting to you?,Q10_6,I do practical work and see clear results from what I do.,R,6
