occupation_id,isco08_code,match_type
121232,0110,exact
149231,0110,exact
149431,0210,exact
451131,0310,exact
121331,1111,exact
121332,1111,exact
121399,1111,exact
121131,1112,partial
121231,1112,partial
149999,1112,partial
121131,1114,partial
121231,1114,partial
121131,1120,partial
121231,1120,partial
111131,1211,partial
111231,1211,exact
211132,1211,exact
223931,1211,exact
111331,1212,exact
111633,1212,exact
111431,1213,exact
111631,1213,partial
111632,1213,partial
111131,1219,partial
172132,1219,partial
172331,1219,partial
172934,1219,exact
112132,1221,exact
112133,1221,exact
112131,1222,exact
112231,1222,exact
111531,1223,exact
132231,1311,exact
151131,1311,partial
151132,1311,partial
151133,1311,partial
151199,1311,partial
151231,1311,partial
151232,1311,partial
151233,1311,partial
151236,1311,partial
151237,1311,partial
151299,1311,partial
151332,1311,partial
151399,1311,partial
152131,1311,partial
152231,1311,partial
152331,1311,partial
152431,1311,partial
152931,1311,partial
152932,1311,partial
152933,1311,partial
152934,1311,partial
152935,1311,partial
152999,1311,partial
151331,1312,partial
132131,1321,exact
132232,1321,partial
132233,1322,exact
131131,1323,exact
131331,1323,partial
131431,1323,exact
133131,1324,exact
133231,1324,exact
133331,1324,exact
172531,1324,exact
172532,1324,exact
172533,1324,exact
113131,1330,exact
113132,1330,exact
113231,1330,exact
113232,1330,exact
113233,1330,exact
113299,1330,exact
141231,1341,exact
141332,1342,exact
141333,1342,exact
141334,1342,exact
141399,1342,partial
171331,1342,partial
141331,1343,exact
141399,1343,partial
172933,1343,exact
141335,1344,exact
141399,1344,partial
141131,1345,exact
141132,1345,exact
141431,1345,exact
141432,1345,exact
141499,1345,exact
171131,1346,exact
131231,1349,exact
131931,1349,exact
131999,1349,exact
149131,1349,exact
149132,1349,exact
149133,1349,exact
149199,1349,partial
149232,1349,exact
149233,1349,exact
149331,1349,exact
149332,1349,exact
149333,1349,exact
149399,1349,exact
149931,1349,exact
149932,1349,exact
149933,1349,exact
149999,1349,partial
161131,1411,exact
161431,1411,exact
161999,1411,partial
471533,1411,exact
161231,1412,partial
161232,1412,exact
133132,1420,exact
161332,1420,partial
162131,1420,partial
162132,1420,partial
162133,1420,partial
172431,1420,partial
161331,1431,exact
161333,1431,exact
161334,1431,exact
161335,1431,exact
161399,1439,exact
161531,1439,exact
161931,1439,exact
161933,1439,exact
161999,1439,partial
172131,1439,exact
172132,1439,partial
172331,1439,partial
172499,1439,exact
172931,1439,exact
172932,1439,exact
172999,1439,exact
244732,2111,exact
244933,2111,exact
244932,2112,exact
244231,2113,exact
244531,2114,exact
244532,2114,exact
244533,2114,exact
223131,2120,exact
223132,2120,exact
223133,2120,exact
223231,2120,exact
223232,2120,exact
223233,2120,exact
223234,2120,exact
244133,2131,partial
244134,2131,partial
244631,2131,exact
244632,2131,exact
244633,2131,exact
244634,2131,exact
244635,2131,exact
244636,2131,exact
244699,2131,exact
244731,2131,partial
244131,2132,exact
244132,2132,exact
244133,2132,partial
244134,2132,partial
244135,2132,exact
244499,2132,partial
244331,2133,partial
244332,2133,exact
244333,2133,exact
244334,2133,partial
244431,2133,exact
244432,2133,exact
244499,2133,partial
243531,2141,partial
243533,2141,exact
243934,2141,partial
243231,2142,exact
243232,2142,exact
243233,2142,exact
243234,2142,exact
243235,2142,exact
243236,2142,exact
243934,2142,partial
243935,2143,exact
243532,2144,exact
243932,2144,exact
243934,2144,partial
243938,2144,exact
243131,2145,exact
243934,2145,partial
244232,2145,exact
244233,2145,exact
243132,2146,exact
243133,2146,partial
243631,2146,exact
243632,2146,exact
243934,2146,partial
241932,2149,exact
243133,2149,partial
243531,2149,partial
243931,2149,exact
243933,2149,exact
243934,2149,partial
243936,2149,exact
243937,2149,exact
243999,2149,exact
312234,2149,partial
243331,2151,exact
243332,2151,exact
243934,2151,partial
243431,2152,exact
243934,2152,partial
272331,2153,exact
241131,2161,exact
242431,2161,partial
241132,2162,exact
241133,2162,exact
312134,2162,exact
242231,2163,exact
242232,2163,exact
242233,2163,exact
242234,2163,exact
241331,2164,exact
241231,2165,exact
241232,2165,exact
241233,2165,exact
241234,2165,exact
241235,2165,exact
241299,2165,exact
242131,2166,exact
242132,2166,exact
242133,2166,exact
242331,2166,exact
242332,2166,exact
242333,2166,partial
264231,2211,exact
264531,2211,exact
264131,2212,exact
264331,2212,exact
264332,2212,exact
264333,2212,exact
264334,2212,exact
264335,2212,exact
264336,2212,exact
264337,2212,exact
264338,2212,exact
264341,2212,exact
264342,2212,exact
264343,2212,exact
264344,2212,exact
264345,2212,exact
264346,2212,exact
264399,2212,exact
264431,2212,exact
264631,2212,exact
264632,2212,exact
264633,2212,exact
264634,2212,exact
264635,2212,exact
264636,2212,exact
264637,2212,exact
264638,2212,exact
264641,2212,exact
264931,2212,exact
264932,2212,exact
264933,2212,exact
264934,2212,exact
264935,2212,exact
264936,2212,exact
264937,2212,exact
264999,2212,exact
265231,2221,exact
265232,2221,exact
265331,2221,exact
265431,2221,exact
265432,2221,exact
265433,2221,exact
265434,2221,exact
265435,2221,exact
265499,2221,exact
265131,2222,exact
261999,2230,partial
269931,2230,exact
269932,2230,exact
269933,2230,exact
269999,2230,partial
269431,2240,partial
269531,2250,exact
269231,2261,exact
269232,2261,exact
263431,2262,exact
263432,2262,exact
222331,2263,exact
222332,2263,exact
269331,2263,partial
262431,2264,exact
263231,2265,exact
263232,2265,exact
262631,2266,exact
263931,2266,exact
441933,2266,exact
263331,2267,exact
263935,2267,exact
244999,2269,exact
261931,2269,exact
261933,2269,exact
261999,2269,partial
262131,2269,exact
262231,2269,exact
262232,2269,exact
262331,2269,exact
262531,2269,exact
262932,2269,exact
262999,2269,exact
263934,2269,exact
263936,2269,exact
263999,2269,exact
269999,2269,partial
252131,2310,exact
252132,2310,exact
252231,2310,partial
252231,2320,partial
259931,2320,exact
251331,2330,exact
251931,2330,partial
251231,2341,exact
251931,2341,partial
251131,2342,exact
259331,2351,exact
259332,2351,exact
251431,2352,exact
251432,2352,exact
251433,2352,exact
259999,2352,partial
259131,2353,partial
259299,2353,partial
259531,2353,exact
259431,2354,exact
259231,2355,exact
259232,2355,exact
259233,2355,exact
222431,2356,partial
259131,2359,partial
259299,2359,partial
259999,2359,partial
261136,2359,exact
211131,2411,exact
211133,2411,exact
211134,2411,exact
211135,2411,exact
211231,2411,exact
211232,2411,exact
212131,2412,exact
212333,2412,exact
212332,2413,partial
212931,2413,partial
212999,2413,partial
111631,2421,partial
111632,2421,partial
223431,2421,exact
223432,2421,exact
223433,2421,exact
223434,2421,exact
221331,2422,exact
223331,2422,exact
223332,2422,exact
222131,2423,exact
222132,2423,exact
222231,2423,partial
259932,2423,exact
411431,2423,partial
599941,2423,exact
222431,2424,partial
221131,2431,partial
221531,2431,exact
221532,2431,exact
221533,2431,exact
221534,2431,exact
231331,2431,partial
221231,2432,exact
221332,2432,partial
231331,2432,partial
221633,2433,exact
221634,2433,exact
221699,2433,exact
244133,2433,partial
221431,2434,exact
221631,2434,exact
221632,2434,exact
273231,2511,exact
273232,2511,exact
273233,2511,exact
273234,2511,exact
271135,2512,exact
273331,2512,exact
273332,2512,exact
273333,2512,partial
273131,2513,exact
273132,2513,exact
273333,2514,partial
271137,2519,exact
272231,2519,exact
272232,2519,exact
272233,2519,exact
271231,2521,exact
271232,2522,exact
272132,2522,exact
272131,2523,exact
272133,2523,exact
271131,2529,exact
271132,2529,exact
271133,2529,exact
271134,2529,exact
271136,2529,exact
281131,2611,exact
281232,2611,exact
281237,2611,exact
281331,2611,exact
281233,2612,exact
281235,2612,exact
281231,2619,exact
281234,2619,exact
281236,2619,exact
281238,2619,exact
281299,2619,exact
223935,2621,partial
232332,2621,exact
232334,2621,exact
244931,2621,exact
223935,2622,partial
223999,2622,partial
232131,2622,exact
232333,2631,exact
232331,2632,exact
232335,2632,partial
232399,2632,partial
232335,2633,partial
232336,2633,exact
232399,2633,partial
261134,2634,exact
261231,2634,exact
231931,2635,exact
259933,2635,exact
261131,2635,exact
261132,2635,exact
261133,2635,exact
261135,2635,exact
261331,2635,exact
261932,2635,exact
411131,2635,exact
411132,2635,exact
411633,2635,exact
411631,2635,exact
411636,2635,exact
411931,2635,exact
441331,2635,exact
149199,2636,partial
232231,2636,partial
231231,2641,exact
231232,2641,exact
231334,2641,exact
231399,2641,partial
231332,2642,exact
231333,2642,partial
231399,2642,partial
232399,2643,partial
411531,2643,exact
411532,2643,exact
231731,2651,exact
231732,2651,partial
231733,2651,exact
242333,2651,partial
231135,2652,partial
231631,2652,exact
231632,2652,exact
231633,2652,exact
231634,2652,exact
231699,2652,partial
231134,2653,exact
221131,2654,partial
231431,2654,exact
231432,2654,exact
231433,2654,exact
231434,2654,exact
231435,2654,partial
231436,2654,exact
231437,2654,exact
231438,2654,exact
231499,2654,exact
231531,2654,exact
231532,2654,exact
231533,2654,exact
231131,2655,exact
231199,2655,partial
231932,2656,exact
231132,2659,exact
231133,2659,exact
231135,2659,partial
231199,2659,partial
231699,2659,partial
311531,3111,exact
311532,3111,exact
311534,3111,exact
311536,3111,exact
311599,3111,partial
241931,3112,exact
311533,3112,partial
312135,3112,partial
312231,3112,exact
312331,3112,exact
313132,3112,exact
313232,3113,exact
313932,3114,partial
313433,3115,exact
313934,3115,exact
313999,3116,partial
312234,3117,partial
313935,3117,partial
313936,3117,partial
311533,3118,partial
312131,3118,exact
312132,3118,exact
312133,3118,exact
312135,3118,partial
312199,3118,partial
313131,3118,exact
313231,3118,exact
313933,3118,exact
313937,3118,exact
311599,3119,partial
312199,3119,partial
312232,3119,exact
313931,3119,exact
313935,3119,partial
313936,3119,partial
313999,3119,partial
399933,3119,exact
399936,3119,exact
313531,3121,exact
132232,3122,partial
312431,3123,exact
312432,3123,exact
399132,3131,partial
399133,3131,exact
732431,3132,exact
732999,3132,partial
399131,3133,exact
399132,3134,partial
732231,3135,partial
731231,3139,partial
832231,3139,partial
311535,3141,partial
311131,3142,exact
311132,3142,exact
311133,3142,exact
311136,3142,exact
311535,3143,partial
313431,3151,exact
313432,3152,exact
313435,3152,exact
313436,3152,exact
313499,3152,exact
299131,3153,exact
299133,3153,exact
299134,3153,exact
299199,3153,exact
299132,3154,exact
313932,3155,partial
314132,3155,partial
263131,3211,exact
263132,3211,exact
263133,3211,exact
263531,3211,exact
263932,3211,partial
244731,3212,partial
311233,3212,exact
311331,3213,exact
311332,3213,exact
262931,3214,exact
269132,3214,exact
311232,3214,exact
311235,3214,exact
311299,3214,partial
441131,3221,partial
441131,3222,partial
269999,3230,partial
461935,3230,exact
269532,3240,exact
341231,3240,partial
269131,3251,exact
269133,3251,exact
442331,3251,partial
223933,3252,exact
599131,3252,partial
599931,3252,exact
263933,3253,exact
269332,3253,exact
441931,3253,exact
441932,3253,exact
442431,3254,exact
441231,3255,exact
441232,3255,exact
441233,3255,exact
442131,3255,partial
311299,3256,partial
269331,3257,partial
311137,3257,exact
311138,3257,exact
311199,3257,partial
312234,3257,partial
591132,3257,partial
591133,3257,partial
591134,3257,exact
591141,3257,exact
591999,3257,partial
821934,3257,exact
269431,3258,partial
269432,3258,exact
263932,3259,partial
311231,3259,exact
311234,3259,exact
311299,3259,partial
411331,3259,exact
411332,3259,exact
411333,3259,exact
442131,3259,partial
212231,3311,exact
212232,3311,exact
212331,3311,exact
212332,3311,partial
212931,3311,partial
212999,3311,partial
531333,3311,exact
531399,3311,partial
531231,3312,exact
542131,3313,partial
599999,3313,partial
599999,3314,partial
223532,3315,exact
531531,3315,exact
531532,3315,exact
531533,3315,exact
531334,3321,exact
531431,3321,partial
621131,3321,exact
621231,3322,exact
621232,3322,partial
621233,3322,exact
621234,3322,exact
621299,3322,exact
619932,3323,exact
619935,3323,exact
619999,3323,partial
531332,3324,exact
571931,3331,exact
599932,3331,exact
172231,3332,exact
222231,3333,partial
411431,3333,partial
171431,3334,exact
531331,3334,exact
599937,3334,exact
622131,3334,exact
622232,3334,exact
622233,3334,exact
221332,3339,partial
222231,3339,partial
223531,3339,exact
223932,3339,exact
223999,3339,partial
411431,3339,partial
452237,3339,partial
511131,3339,exact
511231,3339,exact
531399,3339,partial
599933,3339,exact
621232,3339,partial
622231,3339,exact
622234,3339,exact
171231,3341,exact
171333,3341,exact
171399,3341,exact
551132,3341,exact
171332,3342,exact
521235,3342,exact
522131,3343,partial
522231,3343,exact
561232,3343,exact
171331,3344,partial
552131,3344,partial
311134,3351,partial
451931,3351,exact
591232,3352,exact
591231,3353,exact
591136,3354,exact
591138,3354,partial
599999,3354,partial
299231,3355,partial
223934,3359,exact
311134,3359,partial
311135,3359,exact
311199,3359,partial
312233,3359,exact
591131,3359,exact
591132,3359,partial
591133,3359,partial
591137,3359,exact
591138,3359,partial
591233,3359,exact
591999,3359,partial
452234,3411,exact
521131,3411,exact
521231,3411,exact
521232,3411,exact
521233,3411,exact
521234,3411,exact
521236,3411,exact
221332,3412,partial
223999,3412,partial
411231,3412,exact
411232,3412,exact
411431,3412,partial
411632,3412,exact
411634,3412,exact
411635,3412,exact
411731,3412,partial
411732,3412,exact
411733,3412,exact
411933,3412,exact
421131,3412,exact
422131,3412,exact
422132,3412,exact
431231,3412,partial
232231,3413,partial
461937,3413,exact
462631,3421,exact
462632,3421,exact
462633,3421,exact
462699,3421,exact
411932,3422,exact
462431,3422,exact
462432,3422,exact
462433,3422,exact
462434,3422,exact
462436,3422,exact
462437,3422,exact
462441,3422,exact
462442,3422,exact
462443,3422,exact
462499,3422,exact
462531,3422,exact
462532,3422,exact
462599,3422,exact
462131,3423,exact
462231,3423,exact
462232,3423,exact
462435,3423,exact
462438,3423,exact
391331,3431,exact
461936,3431,partial
242431,3432,partial
391931,3432,exact
619135,3432,exact
391131,3433,exact
391132,3433,exact
161631,3434,exact
321131,3434,exact
231199,3435,partial
231435,3435,partial
391234,3435,exact
391299,3435,partial
461231,3435,exact
461932,3435,exact
599934,3435,exact
599935,3435,exact
314199,3511,partial
314231,3512,partial
314231,3513,partial
314136,3514,exact
382231,3521,exact
391231,3521,exact
391232,3521,exact
391233,3521,exact
391299,3521,partial
731999,3521,partial
314132,3522,partial
314133,3522,exact
314134,3522,exact
314135,3522,exact
561131,4110,exact
522131,4120,partial
561233,4131,exact
561231,4132,exact
531131,4211,exact
471432,4212,exact
471534,4212,exact
549131,4212,exact
549132,4212,exact
631131,4213,partial
549133,4214,exact
461633,4221,exact
461831,4221,exact
461931,4221,exact
619934,4221,partial
551131,4222,exact
551232,4223,exact
553231,4224,exact
551231,4225,exact
552131,4226,partial
553131,4226,exact
599938,4227,exact
552231,4229,exact
599936,4229,exact
541131,4311,exact
541231,4311,exact
542131,4311,partial
531431,4312,partial
531931,4312,exact
531932,4312,exact
599999,4312,partial
171232,4313,exact
541331,4313,exact
571231,4321,exact
571331,4321,exact
571332,4321,exact
571431,4321,exact
571531,4321,exact
721131,4321,partial
721132,4321,partial
732936,4321,exact
313331,4322,exact
571932,4322,exact
571131,4323,exact
599999,4323,partial
599132,4411,exact
599331,4412,exact
599332,4412,exact
712232,4412,partial
231333,4413,partial
599999,4413,partial
599999,4414,partial
599131,4415,partial
599231,4416,exact
599232,4416,exact
599999,4419,partial
619131,4419,exact
461731,5111,exact
461799,5111,exact
591138,5112,partial
899531,5112,exact
461631,5113,exact
461632,5113,exact
322331,5120,exact
471331,5131,partial
471532,5131,exact
471631,5131,exact
471632,5131,exact
471131,5132,exact
471231,5132,exact
471531,5132,exact
392131,5141,exact
392132,5141,exact
461131,5142,exact
461132,5142,exact
461232,5142,exact
461934,5142,exact
461941,5142,exact
631131,5142,partial
471535,5151,exact
811131,5151,partial
811431,5151,partial
161932,5152,exact
461999,5152,partial
811432,5152,exact
899131,5153,exact
461999,5161,partial
461999,5162,partial
461332,5163,exact
461333,5163,exact
341131,5164,exact
341132,5164,exact
341134,5164,exact
341199,5164,exact
341231,5164,partial
461432,5164,exact
461433,5164,exact
461499,5164,exact
461531,5165,exact
442999,5169,partial
461331,5169,exact
461431,5169,exact
461933,5169,exact
461938,5169,exact
461999,5169,partial
471999,5169,partial
631934,5211,partial
631934,5212,partial
161231,5221,partial
161332,5221,partial
162131,5221,partial
162132,5221,partial
162133,5221,partial
172431,5221,partial
631531,5222,exact
631131,5223,partial
631231,5223,exact
631331,5223,exact
631431,5223,exact
631432,5223,exact
471431,5230,exact
611131,5230,exact
619931,5230,partial
619934,5230,partial
619132,5241,exact
619133,5242,exact
631931,5243,exact
619134,5244,exact
631631,5245,exact
471331,5246,partial
631131,5246,partial
619933,5249,exact
619999,5249,partial
631933,5249,exact
631999,5249,exact
411731,5311,partial
431131,5311,exact
431132,5311,exact
431231,5311,partial
431232,5311,exact
431331,5311,exact
431431,5311,exact
432932,5311,exact
432131,5312,exact
432231,5312,exact
432931,5312,exact
421132,5321,partial
421331,5321,exact
442231,5321,exact
442531,5321,exact
421132,5322,partial
421231,5322,exact
422231,5322,partial
422232,5322,partial
311431,5329,exact
442331,5329,partial
442532,5329,exact
442999,5329,partial
731936,5329,partial
731937,5329,exact
451232,5411,exact
299231,5412,partial
451331,5412,exact
452131,5413,exact
452231,5414,exact
452232,5414,exact
452233,5414,exact
452235,5414,exact
452236,5414,exact
452238,5414,exact
452241,5414,exact
244331,5419,partial
244334,5419,partial
451231,5419,exact
452237,5419,partial
462331,5419,exact
462399,5419,exact
591132,5419,partial
591999,5419,partial
899631,5419,exact
899932,5419,exact
151131,6111,partial
151132,6111,partial
151133,6111,partial
151199,6111,partial
151236,6111,partial
343134,6111,partial
343136,6111,exact
343199,6111,partial
151232,6112,partial
151233,6112,partial
151237,6112,partial
151299,6112,partial
343134,6112,partial
343137,6112,exact
343199,6112,partial
151231,6113,partial
151234,6113,exact
151235,6113,exact
151299,6113,partial
342131,6113,exact
342231,6113,exact
342232,6113,exact
342431,6113,exact
342432,6113,exact
342531,6113,exact
342532,6113,exact
342931,6113,exact
343134,6113,partial
151199,6114,partial
151299,6114,partial
151399,6114,partial
343134,6114,partial
343199,6114,partial
152131,6121,partial
152231,6121,partial
152331,6121,partial
152431,6121,partial
152932,6121,partial
152933,6121,partial
152934,6121,partial
152999,6121,partial
341133,6121,exact
343231,6121,exact
343232,6121,exact
343233,6121,exact
343234,6121,exact
343235,6121,exact
343236,6121,exact
343299,6121,partial
343331,6121,exact
152935,6122,partial
343299,6122,partial
152931,6123,partial
152999,6123,partial
152999,6129,partial
343299,6129,partial
151332,6130,partial
151399,6130,partial
343135,6130,exact
343133,6210,exact
741132,6210,partial
842932,6210,partial
899999,6210,partial
151331,6221,partial
343131,6221,exact
313434,6222,partial
343132,6222,partial
899232,6222,partial
313434,6223,partial
343132,6223,partial
899232,6223,partial
842999,6224,partial
131331,7111,partial
821433,7111,exact
821499,7111,partial
371131,7112,exact
371132,7113,exact
361131,7114,partial
371231,7114,exact
369931,7115,exact
372131,7115,exact
372132,7115,exact
372133,7115,exact
399931,7115,partial
399938,7115,partial
821432,7115,partial
821434,7115,partial
821499,7115,partial
369932,7119,exact
821731,7119,exact
362331,7121,exact
363331,7121,partial
361131,7122,partial
362431,7122,exact
362231,7123,exact
362232,7123,exact
369933,7124,exact
821431,7124,exact
821932,7124,exact
362131,7125,exact
899432,7125,exact
363131,7126,exact
363231,7126,exact
363331,7126,partial
363931,7126,exact
363932,7126,exact
363933,7126,exact
399934,7126,exact
821632,7126,exact
382131,7127,exact
361231,7131,exact
351631,7132,exact
731131,7132,exact
731132,7133,partial
811131,7133,partial
811999,7133,partial
331934,7211,exact
331131,7212,partial
331132,7212,exact
331133,7212,exact
332233,7212,exact
732231,7212,partial
331131,7213,partial
331936,7213,exact
332133,7213,exact
351331,7213,exact
351531,7213,exact
399931,7213,partial
732231,7213,partial
331131,7214,partial
399938,7214,partial
821733,7214,exact
399931,7215,partial
399938,7215,partial
821231,7215,exact
331931,7221,exact
331933,7221,exact
332331,7222,exact
332333,7222,exact
332334,7222,exact
332336,7222,partial
332337,7222,exact
332231,7223,partial
332232,7223,exact
332234,7223,exact
732231,7223,partial
331935,7224,exact
332336,7224,partial
732231,7224,partial
351131,7231,exact
351433,7231,exact
351435,7231,exact
351436,7231,exact
351437,7231,exact
899431,7231,exact
899434,7231,exact
332132,7232,exact
332134,7232,partial
332231,7233,partial
332299,7233,exact
351431,7233,exact
399999,7233,partial
351432,7234,exact
399999,7234,partial
332335,7311,exact
332338,7311,exact
391933,7312,exact
391932,7313,exact
231732,7314,partial
399935,7315,partial
399999,7315,partial
332332,7316,exact
391531,7316,exact
231799,7317,partial
399599,7317,exact
231799,7318,partial
231799,7319,partial
391431,7321,exact
391433,7322,exact
391434,7322,exact
391432,7323,exact
381231,7411,partial
381233,7411,partial
351231,7412,exact
351434,7412,exact
381231,7412,partial
381232,7412,exact
381233,7412,partial
381234,7412,exact
381131,7413,exact
332131,7421,exact
332134,7421,partial
382232,7421,exact
382233,7421,exact
382234,7421,exact
314131,7422,exact
314199,7422,partial
382331,7422,exact
382332,7422,exact
382333,7422,exact
382334,7422,exact
322231,7511,exact
831231,7511,exact
831232,7511,exact
831331,7511,partial
831332,7511,partial
831333,7511,partial
322131,7512,exact
322431,7512,exact
831134,7512,partial
831135,7513,partial
831133,7514,partial
831135,7514,partial
831199,7514,partial
831133,7515,partial
831135,7515,partial
831199,7515,partial
839232,7515,partial
839233,7515,partial
831133,7516,partial
831135,7516,partial
831199,7516,partial
731232,7521,partial
369131,7522,exact
399531,7522,exact
399532,7522,exact
399533,7522,exact
399534,7523,exact
399433,7531,exact
399431,7532,exact
399434,7532,exact
399432,7533,exact
399435,7533,partial
399436,7533,exact
351532,7534,exact
399438,7534,exact
399999,7535,partial
731432,7535,partial
839199,7535,partial
399435,7536,partial
399437,7536,exact
399932,7541,exact
732332,7542,exact
343332,7543,exact
399999,7543,partial
839231,7543,exact
839232,7543,partial
839233,7543,partial
399331,7544,exact
842999,7544,partial
342331,7549,exact
399935,7549,partial
399999,7549,partial
399231,8111,partial
732331,8111,exact
731934,8112,partial
732999,8112,partial
399231,8113,partial
731933,8114,exact
731934,8114,partial
731938,8114,exact
731999,8114,partial
732933,8114,exact
732934,8114,exact
732999,8114,partial
732231,8121,partial
331932,8122,exact
731132,8122,partial
732231,8122,partial
731931,8131,exact
461936,8132,partial
731936,8132,partial
731999,8132,partial
731334,8141,exact
399931,8142,partial
731331,8142,exact
731332,8142,exact
731333,8142,exact
731399,8142,exact
731231,8143,partial
731432,8151,partial
731432,8152,partial
731431,8153,exact
731432,8154,partial
731432,8155,partial
731432,8156,partial
811331,8157,partial
811332,8157,partial
731432,8159,partial
831131,8160,exact
831132,8160,exact
831133,8160,partial
831134,8160,partial
831135,8160,partial
831136,8160,exact
831137,8160,exact
831138,8160,exact
831141,8160,exact
831199,8160,partial
831331,8160,partial
831332,8160,partial
831333,8160,partial
731231,8171,partial
731232,8172,partial
731932,8181,exact
731935,8181,exact
732931,8182,exact
832131,8183,partial
832132,8183,partial
832133,8183,partial
832134,8183,partial
832135,8183,partial
731999,8189,partial
732999,8189,partial
741933,8189,exact
832231,8211,partial
832231,8212,partial
832231,8219,partial
711331,8311,exact
711332,8311,exact
399937,8312,exact
732935,8312,exact
741934,8312,exact
712231,8321,partial
442931,8322,exact
711131,8322,exact
711132,8322,exact
711133,8322,exact
711134,8322,exact
711199,8322,exact
712231,8322,partial
712232,8322,partial
711231,8331,exact
711232,8331,exact
711233,8331,exact
711333,8331,exact
712131,8332,exact
713131,8332,exact
713132,8332,exact
713231,8332,exact
713232,8332,exact
741932,8332,exact
741131,8341,exact
741132,8341,partial
741231,8342,exact
741232,8342,exact
741233,8342,exact
741234,8342,exact
741235,8342,exact
741236,8342,exact
741237,8342,exact
741935,8342,exact
741936,8342,exact
741938,8342,exact
741999,8342,exact
732131,8343,exact
741937,8343,partial
741331,8344,exact
899231,8350,exact
811231,9111,exact
471931,9112,exact
811131,9112,partial
811431,9112,partial
811331,9121,partial
811332,9121,partial
811531,9122,exact
811933,9123,exact
811931,9129,exact
811932,9129,exact
811999,9129,partial
899937,9129,exact
841131,9211,exact
841132,9211,exact
841133,9211,exact
841134,9211,exact
841135,9211,exact
841136,9211,exact
841137,9211,exact
841138,9211,exact
841141,9211,exact
841142,9211,exact
841199,9211,exact
842933,9211,partial
841231,9212,exact
841232,9212,exact
841233,9212,exact
841234,9212,exact
841235,9212,exact
841236,9212,exact
841237,9212,exact
841238,9212,exact
841241,9212,exact
841299,9212,exact
841332,9213,exact
841399,9213,exact
842131,9214,exact
842231,9214,exact
842933,9214,partial
842931,9215,exact
842932,9215,partial
841331,9216,exact
821931,9311,exact
821933,9311,exact
821135,9312,exact
821531,9312,exact
821631,9312,exact
821935,9312,exact
821936,9312,exact
361131,9313,partial
821131,9313,exact
821132,9313,exact
821133,9313,exact
821134,9313,exact
821232,9313,exact
821331,9313,exact
821432,9313,partial
821434,9313,partial
821499,9313,partial
821633,9313,exact
821732,9313,exact
899933,9313,exact
832131,9321,partial
832132,9321,partial
832133,9321,partial
832134,9321,partial
832135,9321,partial
721131,9329,partial
721132,9329,partial
839136,9329,exact
839141,9329,exact
839131,9329,exact
839132,9329,exact
839133,9329,exact
839134,9329,exact
839135,9329,exact
839137,9329,exact
839199,9329,partial
712231,9331,partial
899999,9332,partial
721131,9333,partial
721132,9333,partial
732932,9333,exact
741931,9333,exact
741937,9333,partial
891131,9333,exact
891132,9333,exact
891231,9334,exact
851131,9411,exact
851231,9412,exact
851232,9412,exact
851233,9412,exact
851299,9412,exact
899999,9510,partial
631934,9520,partial
899935,9611,exact
631932,9612,exact
839138,9612,exact
811999,9613,partial
471932,9621,exact
712231,9621,partial
899934,9621,exact
899331,9622,exact
591135,9623,exact
899941,9623,exact
842999,9624,partial
471999,9629,partial
619931,9629,partial
899433,9629,exact
899532,9629,exact
899931,9629,exact
899936,9629,exact
899938,9629,exact
899999,9629,partial
