osca_code,osca_title
121131,Chief Executive or Managing Director
121231,Corporate General Manager
121232,Defence Force Senior Officer
149231,Commissioned Defence Force Officer
121331,Local Government Legislator
121332,Member of Parliament
121399,Legislators nec
151331,Aquaculture Farmer
343131,Aquaculture Supervisor
151131,Cotton Grower
343136,Senior Broadacre Crop Farm Worker
151231,Flower Grower
343134,Horticultural Supervisor or Specialist
151232,Fruit Grower
151233,Nut Grower
151132,"Grain, Oilseed, Pulse or Pasture Grower"
151237,Wine Grape Grower
343137,Vineyard Supervisor
151299,Horticultural Crop Growers nec
151399,Mixed Production and Aquaculture Farmers nec
151133,Sugar Cane Grower
151235,Turf Grower
151236,Vegetable Grower
151199,Broadacre Crop Growers nec
151234,Production Nursery Grower
343199,"Senior Aquaculture, Crop and Forestry Workers nec"
152931,Apiarist
152131,Beef Cattle Farmer
343231,Senior Beef Cattle Station Worker
152231,Dairy Cattle Farmer
343233,Senior Dairy Cattle Farm Worker
152999,Livestock Farmers nec
152932,Goat Farmer
152933,Horse Breeder
343234,Senior Horse Stable or Stud Worker
152331,Mixed Cattle and Sheep Farmer
343232,Senior Cattle and Sheep Farm Worker
152934,Pig Farmer
343235,Senior Piggery Stockperson
152935,Poultry Farmer
343299,Senior Livestock Farm Workers nec
152431,Sheep Farmer
343236,Senior Sheep Farm Worker
151332,Broadacre Crop and Livestock Farmer
343135,Senior Broadacre Crop and Livestock Farm Worker
112132,Business Development Manager
112133,Sales and Marketing Manager
112131,Advertising Manager
112231,Communications Manager (Public Relations)
111131,Corporate Services Manager
111231,Finance Manager
111331,Human Resources Manager
111633,Work Health and Safety Manager
111431,Policy and Planning Manager
111531,Research and Development Manager
131131,Construction Project Manager
131331,Project Builder
131231,Engineering Manager
133131,Importer or Exporter
133132,Wholesaler
132131,Manufacturer
132231,Forest Manager
132232,Production Manager (Manufacturing)
132233,Production Manager (Mining)
133331,Supply and Distribution Manager
133231,Procurement Manager
141231,Children's Education and Care Service Director
141333,Medical Administrator
141331,Aged Care Manager
141332,Director of Nursing / Midwifery
141399,Health and Welfare Service Managers nec
141335,Welfare Centre Manager
141334,Paramedic Manager
141131,Assistant School Principal
141132,School Principal
141431,Faculty Manager
141432,Regional Education Manager
141499,Education Managers nec
113131,Chief Information Officer
113132,Chief Information Security Officer
113232,ICT Project Manager
113231,ICT Operations Manager
113233,ICT Service Delivery Manager
113299,ICT Managers nec
149232,Commissioned Fire Officer
149233,Commissioned Police Officer
149431,Senior Non-commissioned Defence Force Member
149131,Arts Administrator or Manager
149331,Environmental Manager
149333,Laboratory Manager
111631,Quality Assurance Manager
111632,Regulatory Affairs Manager
149133,Sports Administrator
131931,Surveying Manager
131999,Construction and Engineering Managers nec
149199,"Arts, Culture and Sports Administrators nec"
149332,Exploration Manager
149399,Scientific and Environmental Managers nec
149931,Airport Manager
149932,Correctional Facility Manager
149933,Emergency Management Officer
149999,Specialist Managers nec
172934,Security Manager (Non-ICT)
161231,Cafe or Restaurant Manager
161232,Catering Manager
161931,Caravan Park and Camping Ground Manager
161431,Hotel or Motel Manager
161531,Licensed Club Manager
161932,Hosted Accommodation Operator
172933,Retirement Village Manager
161999,"Hospitality, Tourism and Venue Managers nec"
162131,Retail Manager (General)
162132,Antique Dealer
161332,Betting Agency Manager
172431,Hair or Beauty Salon Manager
162133,Post Office Manager
161933,Travel Agency Manager
161331,Amusement Centre Manager
161334,Fitness Centre Manager
161335,Sports Centre Manager
172131,Call or Contact Centre Manager
172132,Customer Service Manager
172231,Event Manager
172531,Fleet Manager
172532,Railway Station Manager
172533,Transport Company Manager
172931,Boarding Kennel or Cattery Operator
161333,Cinema or Theatre Manager
172331,Facilities Manager
171131,Financial Institution Manager
172932,Equipment Hire Manager
161399,"Entertainment, Fitness and Sports Venue Managers nec"
172499,"Hair, Body and Beauty Service Managers nec"
172999,Service Managers nec
231131,Actor
231134,Dancer or Choreographer
231132,Circus Performer or Trainer
231135,Entertainer or Variety Performer
231133,Content Creator (Social Media)
231199,"Actors, Dancers and Other Entertainers nec"
231699,Music Professionals nec
231631,Composer
231632,Music Director
231633,Musician (Instrumental)
231634,Singer
391331,Photographer
231731,Painter (Visual Arts)
231732,Potter or Ceramic Artist
231733,Sculptor
231799,Visual Arts and Crafts Professionals nec
231431,Artistic Director
221131,Advertising Specialist
231435,Production Manager (Screen or Live Performance)
231531,Audio Producer
231532,Live Performance Producer
231533,Screen Producer
231932,Media Presenter
231231,Author
231232,Book or Script Editor
231437,Screen or Live Performance Designer
231432,Audio or Live Performance Director
231436,Screen Director
231433,Cinematographer
231434,Film and Video Editor
231438,Technical Director
231499,Media Directors and Designers nec
231331,Copywriter
231333,Print or Digital Content Editor
231332,Journalist
231334,Technical Writer
231399,Journalists and Other Writers nec
211131,Accountant (General)
211133,Forensic Accountant
211134,Management Accountant
211135,Taxation Accountant
223931,Company Secretary
211132,Corporate Treasurer
211231,External Auditor
211232,Internal Auditor
531332,Commodities Trader
531333,Finance Broker
531334,Insurance Broker
531399,Financial and Insurance Brokers nec
212231,Financial Market Dealer
212232,Stockbroker
212331,Capital Markets Specialist
212332,Investment Analyst
212931,Credit Risk Manager
212999,Financial Services and Investment Specialists nec
212131,Financial Adviser
212333,Investment Manager
222131,Human Resources Adviser
222231,Recruitment Consultant
411431,Employment Consultant
222132,Workplace Relations Adviser
599941,Union Organiser
222431,Training and Development Professional
223131,Actuary
223132,Mathematician
223133,Statistician
223231,Data Analyst
223234,Data Scientist
232332,Archivist
232334,Gallery or Museum Curator
223933,Health Information Manager
223935,Records or Information Manager
232333,Economist
223331,Intelligence Analyst
223332,Policy Analyst
131431,Property Developer
223531,Asset Manager (Property)
223532,Valuer
149132,Library Services Manager
232131,Librarian
223432,Management Consultant
223434,Supply Chain Analyst
223433,Organisation and Methods Analyst
221331,Electorate Officer
221332,Liaison Officer
281236,Migration Agent
223934,Patents Examiner
223932,Cost Controller
223999,Information and Organisation Professionals nec
221532,Digital Marketing Analyst
221533,Market Research Analyst
221531,Content Creator (Marketing)
221534,Marketing Specialist
221631,ICT Account Manager
221431,ICT Business Development Manager
221632,ICT Sales Representative
221231,Communications Officer (Public Relations)
221633,Sales Representative (Industrial Products)
221634,Sales Representative (Medical and Pharmaceutical Products)
221699,Technical Sales Representatives nec
244133,Agronomist
299131,Aeroplane Pilot
299132,Air Traffic Controller
299133,Flight Instructor
299134,Helicopter Pilot
299199,Air Transport Professionals nec
313434,Master Fisher
313431,Marine Engineer
313432,Marine Pilot
313435,Ship's Master
313436,Ship's Officer
313433,Marine Surveyor
313499,"Marine Transport Masters, Officers and Technicians nec"
241131,Architect
241132,Landscape Architect
241133,Urban Designer
312134,Landscape Designer
241232,Engineering Surveyor
241234,Land Surveyor
241235,Mine Surveyor
241299,Geospatial Information Professionals and Surveyors nec
241231,Cartographer
241233,Geospatial Specialist
242231,Fashion Designer
242232,Industrial Designer
242234,Textile Designer
242233,Jewellery Designer
242331,Animator or Visual Effects Artist
242332,Graphic Designer
242333,Illustrator
242131,Multimedia Designer
259331,Education Adviser
273131,Digital Game Developer
242133,Web Designer
242431,Interior Designer
241331,Urban and Regional Planner
243131,Chemical Engineer
243133,Materials Engineer
243231,Civil Engineer
243236,Water Engineer
243232,Geotechnical Engineer
241932,Quantity Surveyor
243234,Structural Engineer
243233,Rail Engineer
243235,Transport Engineer
243331,Electrical Engineer
243332,Rail Signalling Engineer
243431,Electronics Engineer
243531,Industrial Engineer
243532,Mechanical Engineer
243533,Production or Plant Engineer
243631,Mining Engineer (excluding Petroleum)
243632,Petroleum Engineer
243932,Aerospace Engineer
243999,Engineering Professionals nec
243933,Biomedical Engineer
243934,Engineering Technologist
243935,Environmental Engineer
243938,Naval Architect
243931,Acoustic Engineer
243936,Fire Safety Engineer
243937,Mechatronics Engineer
244131,Agricultural Consultant
244132,Agricultural Research Scientist
244134,Aquaculture or Fisheries Scientist
244135,Forester
244231,Chemist
244232,Food Technologist
244233,Winemaker
244332,Conservation Officer
244431,Environmental Consultant
244333,Ecologist
244432,Environmental Research Scientist
244331,Aboriginal and Torres Strait Islander Land and Sea Ranger
244334,Park Ranger
244499,Environmental Consultants and Scientists nec
244531,Geologist
244532,Geophysicist
244533,Hydrologist
244699,Life Scientists nec
244631,Biotechnologist
244632,Botanist
244634,Marine Biologist
244635,Microbiologist
244633,Entomologist
244636,Zoologist
263934,Neurophysiology Scientist
244731,Medical Laboratory Scientist
269531,Veterinarian
244931,Conservator
243132,Extractive Metallurgist
244932,Meteorologist
244732,Medical Physicist
244933,Physicist
262231,Exercise Physiologist
262232,Exercise and Sports Scientist
244999,Natural and Physical Science Professionals nec
263936,Respiratory or Sleep Scientist
251131,Early Childhood (Pre-primary School) Teacher
251231,Primary School Teacher
251931,Teacher Librarian
251331,Secondary School Teacher
251431,Special Education Teacher
259999,Education Professionals nec
251433,Teacher of the Deaf
251432,Specialist Teacher (Vision Impairment)
252131,University Lecturer
252132,University Tutor
252231,Vocational Education Teacher
259931,Adult Literacy / Numeracy Teacher
259332,Education Reviewer
259231,Art Teacher (Private Tuition)
259232,Dance Teacher (Private Tuition)
259233,Speech and Drama Teacher (Private Tuition)
259431,Music Teacher (Private Tuition)
259131,Academic Tutor (Private Tuition)
259299,Arts and Personal Enrichment Teachers (Private Tuition) nec
259531,Teacher of English to Speakers of Other Languages
263231,Dietitian
263232,Nutritionist
263133,Radiographer
263132,Radiation Therapist
263131,Nuclear Medicine Technologist
263531,Sonographer
263932,Cardiac Physiologist
269331,Environmental Health Officer
222331,Rehabilitation Consultant
222332,Work Health and Safety Adviser
263331,Optometrist
263935,Orthoptist
263432,Hospital Pharmacist
263431,Community Pharmacist
263933,Diabetes Educator
265131,Midwife
269332,Health Promotion Officer
262931,Orthotist / Prosthetist
261999,"Allied Health Counselling, Psychology, Social Work and Creative Therapy Professionals nec"
262999,Allied Health Physical and Sensory Therapy Professionals nec
263999,Allied Health Science Professionals nec
269999,Health Professionals nec
262131,Chiropractor
262932,Osteopath
269931,Acupuncturist
269933,Naturopath
269932,Chinese Medicine Practitioner
261931,Arts Therapist
261933,Music Therapist
269231,Dental Specialist
269232,Dentist
262331,Occupational Therapist
262431,Physiotherapist
262531,Podiatrist
263931,Audiologist
262631,Speech Pathologist
264231,General Practitioner
264531,Resident Medical Officer
264131,Anaesthetist
264331,General Medicine Physician
264332,Cardiologist
264336,Haematologist
264338,Medical Oncologist
264333,Endocrinologist
264334,Gastroenterologist
264337,Intensive Care Specialist
264342,Neurologist
264343,Paediatrician
264345,Respiratory Physician
264341,Nephrologist
264346,Rheumatologist
264335,Geriatrician
264344,Public Health Physician
264399,Physicians nec
264431,Psychiatrist
264631,General Surgeon
264632,Cardiothoracic Surgeon
264633,Neurosurgeon
264634,Orthopaedic Surgeon
264635,Otolaryngologist
264636,Paediatric Surgeon
264637,Plastic and Reconstructive Surgeon
264638,Urologist
264641,Vascular Surgeon
264931,Dermatologist
264932,Emergency Medicine Specialist
264933,Obstetrician and Gynaecologist
264934,Ophthalmologist
264935,Pathologist
264937,Radiologist
264936,Radiation Oncologist
264999,Medical Practitioners nec
265231,Nurse Educator
265232,Nurse Researcher
265331,Nursing / Midwifery Unit Manager
265431,Nurse Practitioner
265433,Registered Nurse (Aged Care)
265435,Registered Nurse (Primary Health Care)
265432,Registered Nurse (Acute Care)
265434,Registered Nurse (Mental Health)
265499,Registered Nurses nec
223431,Enterprise Architect
273231,Cloud Architect
273232,ICT Business Analyst
273233,Solution Architect
273234,Systems Analyst
273132,Web Developer
273333,Software Engineer
223232,Data Architect
223233,Data Engineer
271135,Cyber Security Engineer
273331,Cloud Engineer
273332,DevOps Engineer
271137,Penetration Tester
272233,ICT Test Analyst
271231,Database Administrator
271131,Cyber Governance Risk and Compliance Specialist
271132,Cyber Security Advice and Assessment Specialist
271133,Cyber Security Analyst
271134,Cyber Security Architect
271136,Cyber Security Operations Coordinator
271232,Systems Administrator
272131,ICT Network and Systems Engineer
272132,Network Administrator
272133,Network Architect
272231,ICT Quality Assurance Engineer
272232,ICT Support Engineer
242132,UI / UX Designer
272331,Telecommunications Engineer
281131,Barrister
281237,Police Prosecutor
281233,Judge
281235,Magistrate
281238,Tribunal Member
281232,Intellectual Property Lawyer
281231,Family Dispute Resolution Practitioner
281299,Judicial and Other Legal Professionals nec
281331,Solicitor
259932,Careers Adviser
261132,Alcohol and Other Drugs Counsellor
261133,Family and Relationship Counsellor
261135,Rehabilitation Counsellor
261136,School Counsellor
259933,Student Services Adviser
261131,Counsellor (General)
232231,Religious Leader
261231,Psychologist
261134,Psychotherapist
261932,Behaviour Support Practitioner
232336,Historian
411531,Interpreter
411532,Translator
232331,Archaeologist
232335,Heritage Consultant
232399,Social Science and Related Professionals nec
261331,Social Worker
231931,Community Arts Worker
411931,Recreation Officer
411131,Child Protection Practitioner
411132,Family Violence Practitioner
411633,Financial Counsellor (Community)
411636,Welfare Worker
441331,Mental Health Worker
311131,Agricultural and Agritech Technician
311132,Animal Husbandry Technician
311133,Aquaculture or Fisheries Technician
311136,Irrigation Designer
311231,Anaesthetic Technician
311233,Medical Laboratory Technician
311234,Operating Theatre Technician
311331,Community Pharmacy Technician
311332,Hospital Pharmacy Technician
311431,Phlebotomist
311235,Respiratory Technician
311299,Medical and Dental Technicians nec
441933,Audiometrist
311135,Fisheries Officer
311137,Meat Inspector
311134,Biosecurity Officer
311138,Primary Products Quality Assurance Officer
311199,Agricultural Technicians and Inspection Officers nec
311531,Chemical Technician
311532,Earth Science Technician
269532,Veterinary Technologist
311535,Life Science Technician
311536,School Laboratory Technician
311534,Hydrographer
311599,Science Technicians nec
312132,Building Designer
312431,Civil Construction Leading Hand
312432,Construction Site Supervisor
241931,Building Surveyor
312231,Building Inspector
312331,Construction Estimator
312233,Plumbing Inspector
311533,Geospatial Technician
312135,Surveying Technician
312133,Detailer Drafter
312199,Building and Landscape Designers and Technicians nec
312232,Energy Assessor
313131,Civil Engineering Draftsperson
313132,Civil Engineering Technician
313231,Electrical Engineering Draftsperson
313232,Electrical Engineering Technician
313937,Other Draftsperson
313932,Electronic Engineering Technician
313933,Mechanical Engineering Draftsperson
313934,Mechanical Engineering Technician
312234,Safety Inspector
313331,Maintenance Planner
313935,Metallurgical or Materials Technician
313936,Non-destructive Testing Technician
313531,Mining Supervisor
312131,Architectural Technician
313931,Biomedical Technician
313999,Engineering Technicians nec
314131,ICT Hardware Technician
314231,ICT Customer Support Officer
314136,Web Administrator
314199,ICT and Telecommunications Technicians nec
314132,Radiocommunications Technician
314133,Telecommunications Field Engineer
314134,Telecommunications Network Designer
314135,Telecommunications Technical Officer or Technologist
351231,Automotive Electrician
351434,Electric Vehicle Technician
351131,Automotive Technician (General)
351435,Marine Technician
351433,Diesel Technician
351436,Motorcycle Technician
351437,Small Engine Technician
331931,Blacksmith
331932,Electroplater
331933,Farrier
331934,Metal Casting Trades Worker
331935,Metal Polisher
331936,Sheetmetal Worker
331131,Metal Fabricator
331132,Pressure Welder
331133,Welder (First Class)
332131,Aircraft Maintenance Technician (Avionics)
332134,Licensed Aircraft Maintenance Engineer
332132,Aircraft Maintenance Technician (Mechanical)
332133,Aircraft Maintenance Technician (Structures)
332231,Fitter (General)
332232,Fitter and Turner
332233,Fitter-Welder
332234,Metal Machinist (First Class)
332299,Metal Fitters and Machinists nec
351431,Agricultural Mechanic
332332,Engraver
332333,Gunsmith
332334,Locksmith
332335,Precision Instrument Maker and Repairer
332336,Saw Technician
332338,Watch and Clock Maker and Repairer
332331,Engineering Patternmaker
332337,Toolmaker
351331,Panelbeater
351531,Vehicle Body Builder
351532,Vehicle Trimmer
351631,Vehicle Painter
371131,Bricklayer
371132,Stonemason
369931,Shopfitter
372131,Carpenter and Joiner
372132,Carpenter
372133,Joiner
361131,Floor Finisher
361231,Painter
362131,Glazier
362231,Plasterer (Wall and Ceiling)
362232,Renderer (Solid Plaster)
362331,Roof Tiler
362431,Wall and Floor Tiler
363131,Plumber (General)
363932,Fire Protection Plumber
363933,Mechanical Services Plumber
363931,Drainer
363231,Gasfitter
399934,Gas Network Technician
363331,Roof Plumber
381231,Electrician (General)
381232,Electrical Fitter
381233,Industrial Electrician
381234,Lift Mechanic
382131,Air Conditioning and Refrigeration Technician
381131,Electrical Distribution Trades Worker
382234,Office Equipment Technician
382231,Communications Operator
382232,Electronic Equipment Trades Worker
382233,Electronic Instrument Technician
382331,Cabler (Data and Telecommunications)
382332,Telecommunications Cable Technician
382333,Telecommunications Linesworker
382334,Telecommunications Technician
322131,Baker
322431,Pastrycook
322231,Butcher or Smallgoods Maker
161631,Senior Chef
321131,Chef
322331,Cook
341131,Dog Handler or Trainer
341132,Horse Trainer
461433,Pet Groomer
341134,Zookeeper
461432,Domestic Animal Attendant
341199,Animal Trainers and Zookeepers nec
461499,Domestic Animal Care Workers nec
343331,Shearer
341231,Veterinary Nurse
342331,Florist
342131,Gardener (General)
342231,Arborist
342232,Tree Worker
342431,Irrigation Technician
342432,Landscape Gardener
342531,Sports Turf Manager
342532,Sports Turf Trades Worker
342931,Nurseryperson
392131,Barber
392132,Hairdresser
391432,Print Finisher
391434,Screen Printer
391431,Graphic Pre-press Operator
391433,Printing Machinist
399432,Canvas Goods Fabricator
399435,Leather Goods Maker
399436,Sail Maker
399437,Shoemaker
399431,Apparel Cutter
399434,Garment Technician
399433,Dressmaker or Tailor
399438,Upholsterer
369131,Cabinet Maker
399532,Furniture Maker
399531,Furniture Finisher
399533,Picture Framer
399534,Wood Machinist
399599,Wood Machinists and Other Wood Trades Workers nec
399931,Boat Builder and Repairer
399938,Shipwright
399131,Chemical Plant Operator
399132,Gas or Petroleum Production Technician
399133,Power Generation Plant Operator
391131,Gallery or Museum Technician
391132,Library Technician
391932,Jeweller
391232,Broadcast Technician
391233,"Camera Operator (Film, Television or Video)"
391234,Lighting Technician
461232,Make-up Artist
391933,Musical Instrument Maker or Repairer
391231,Audio Engineer
391299,Performing Arts Technicians nec
391531,Signwriter
399932,Diver
391931,Interior Decorator
442431,Optical Dispenser
399935,Optical Mechanic
461936,Photographer's Assistant
399936,Plastics Technician
343332,Wool Classer
399933,Fire Protection Equipment Technician
399999,Technicians and Trades Workers nec
269432,Paramedic
442931,Patient Transport Officer
269431,Critical Care Paramedic
269131,Dental Hygienist
269132,Dental Prosthetist
311232,Dental Technician
269133,Oral Health Therapist or Dental Therapist
411331,Diversional Therapist
411332,Lifestyle Coordinator
411333,Lifestyle Officer
441131,Enrolled Nurse
441931,Aboriginal and Torres Strait Islander Health Practitioner
441932,Aboriginal and Torres Strait Islander Health Worker
411232,Community Support Worker
441231,Massage Therapist
441232,Myotherapist
441233,Remedial Massage Therapist
411231,Community Development Officer
411634,Housing Officer
411933,Volunteer Coordinator
421131,Aged Care Coordinator
431231,Family Day Care Coordinator
422131,Disability Services Officer
411632,Family Support Worker
411631,Community Corrections Officer
411731,Residential Youth Worker
422132,Residential Care Officer
411732,Youth Justice Worker
411733,Youth Worker
431131,Early Childhood Education Room Leader
431132,Early Childhood Educator
431232,Family Day Care Educator
431331,Nanny
431431,Out of School Hours Care Educator
432931,Aboriginal and Torres Strait Islander Education Officer
432131,Inclusion Support Assistant
432231,Teaching Assistant
421132,Aged Care Team Leader
421231,Community Aged Care Support Worker
422231,Disability Support Worker
422232,Disability Team Leader
442331,Dental Assistant
442532,Patient Services Assistant
442231,Assistant in Nursing
421331,Residential Aged Care Worker
442531,Patient Care Assistant
442131,Allied Health Assistant
432932,Boarding Supervisor
411635,Refuge Worker
471131,Bar Attendant
471531,Bar Supervisor
471231,Barista
471331,Cafe Worker
471532,Cafe or Restaurant Supervisor
471432,Gaming Dealer or Croupier
471534,Gaming Supervisor
161131,Accommodation Service Manager
471533,Front Office Supervisor (Accommodation)
471535,Housekeeping Supervisor
471631,Sommelier
471632,Waiter
471931,Bar Useful
471932,Doorperson or Porter
471999,Hospitality Workers nec
451131,Defence Force Member - Other Ranks
451231,Emergency Services Officer
451232,Firefighter
299231,Specialist Police Officer
451331,General Duties Police Officer
452131,Correctional Officer
452231,"Alarm, Security or Surveillance Monitor"
452232,Cash In Transit Officer
452233,Crowd Controller
452234,Private Investigator
452236,Retail Loss Prevention Officer
452237,Security Consultant
452235,Protective Services Officer
452238,Security Officer
452241,Security Screening Officer
461131,Beauty Therapist
461132,Dermal Therapist
461531,Driving Instructor
461332,Funeral Director
461333,Funeral Worker
461631,Gallery or Museum Guide
461632,Tour Guide
461935,Natural Remedy Consultant
461941,Weight Loss Consultant
461633,Tourist Information Officer
461831,Travel Consultant
461731,Flight Attendant
461799,Travel Attendants nec
461331,Civil Celebrant
461934,Hair or Beauty Salon Assistant
461938,Sex Worker or Escort
461231,Body Artist
461933,First Aid Trainer
461937,Religious Assistant
442999,Patient and Health Care Assistants nec
461431,Dog Walker
461999,Personal Service and Travel Workers nec
462131,Fitness Instructor (General)
462231,Pilates Instructor
462232,Yoga Teacher
462438,Outdoor Adventure Leader or Guide
462432,Diving Instructor (Open Water)
462434,Gymnastics Coach or Instructor
462435,Horse Riding Coach or Instructor
462441,Snowsport Instructor
462442,Swimming Instructor or Coach
462443,Tennis Coach
462431,Basketball Coach
462433,Football Coach
462436,Martial Arts Instructor
462437,Netball Coach
462499,Sports Coaches and Outdoor Adventure Guides nec
462531,Dog and Horse Racing Official
411932,Sports Development Officer
462532,Sports Umpire
462599,Sports Officials and Umpires nec
462631,Footballer
462632,Golfer
462633,Jockey
462331,Lifeguard
462399,Sport and Recreation Safety Patrollers nec
462699,Sportspersons nec
511131,Contract Administrator
511231,Program or Project Administrator
171231,Office Manager
171331,Health Practice Manager
171332,Legal Practice Manager
171333,Veterinary Practice Manager
171399,Practice Managers nec
522231,Executive Assistant
522131,Secretary (General)
521235,Legal Secretary
561131,General Clerk
561231,Data Entry Operator
561232,Machine Shorthand Reporter
561233,Word Processing Operator
551132,Call or Contact Centre Team Leader
551131,Call or Contact Centre Operator
551231,Information Officer
553131,Receptionist (General)
552231,Ward Clerk
553231,Hotel or Motel Receptionist
552131,Medical Receptionist
541131,Accounts Clerk
541231,Estimator
542131,Bookkeeper
171232,Payroll Manager
541331,Payroll Officer
531131,Bank Officer
531231,Credit or Loans Officer
549132,Bookmaker
531431,Insurance Consultant
531931,Investment Administrator
531932,Paraplanner
599999,Clerical and Administrative Workers nec
549131,Betting Clerk
712231,Delivery Person
712232,Postal Delivery Officer
599131,Filing or Registry Clerk
599331,Mail Clerk
599332,Postal Sorting Officer
599938,Survey Interviewer
551232,Switchboard Operator
591135,Meter Reader
591137,Parking Officer
571131,Logistics Officer
571932,Production Coordinator (Logistics)
571331,Procurement Officer
571332,Purchasing Officer
571431,Stock Clerk
571531,Warehouse Administrator
571231,Order Clerk
571931,Freight Forwarder
599932,Customs Broker
521131,Conveyancer
521234,Law Clerk
521231,Clerk of Court
521232,Court Bailiff or Sheriff
521233,Court Orderly
281234,Judge's Associate
521236,Trust Officer
549133,Debt Collector
599231,Human Resources Administration Assistant
599232,Rostering Officer
451931,Border Enforcement Operations Officer
591233,Visa and Citizenship Processing Officer
591136,Motor Vehicle Licence Examiner
591134,"Invasive Pest, Weed and Disease Inspector"
591231,Social Security Assessor
591232,Taxation Compliance Officer
591999,Inspectors and Regulatory Officers nec
591141,Water Inspector
591131,Aerodrome Reporting Officer
591132,Council Ranger
591133,Electrical Asset Inspector
591138,Transport Revenue Officer
531531,Insurance Investigator
531532,Insurance Loss Adjuster
531533,Insurance Risk Surveyor
599132,Library Assistant
599934,"Production Assistant (Audio, Screen or Live Performance)"
599935,"Production Coordinator (Audio, Screen or Live Performance)"
599936,Radio Dispatcher
599931,Clinical Coder
599933,Facilities Administrator
619131,Marketing Assistant
622231,Auctioneer
622234,Stock and Station Agent
621131,Insurance Agent
621231,Sales Representative (Building and Plumbing Supplies)
621232,Sales Representative (Business Services)
621233,Sales Representative (Motor Vehicle Parts and Accessories)
621234,Sales Representative (Personal and Household Goods)
621299,Sales Representatives nec
531331,Business Broker
599937,Strata Manager
622131,Property Manager
171431,Real Estate Agency Principal
622232,Real Estate Agent
622233,Real Estate Representative
631131,Sales Assistant (General)
631331,ICT Sales Assistant
631431,Motor Vehicle or Caravan Salesperson
631432,Motor Vehicle Parts Interpreter
631231,Community Pharmacy Sales Assistant
631531,Retail Supervisor
631631,Service Station Attendant
631934,Street Vendor
631931,Door-to-door Salesperson
631932,Materials Recycler
631933,Rental Salesperson
631999,Sales Assistants and Salespersons nec
471431,Gaming Attendant
611131,Checkout Operator
619132,Model
619133,Sales Demonstrator
619932,Merchandise Planner
619935,Retail Buyer
619999,Sales Support Workers nec
619134,Telemarketer
461931,Airline Customer Support Worker
619931,Entertainment Venue Attendant
619934,Reservations Agent
899532,Railways Assistant
899531,Rail Guard or Conductor
461932,Fashion Stylist
619135,Visual Merchandiser
619933,Personal Shopper
731932,Clay Products Machine Operator
731933,Concrete Products Machine Operator
731935,Glass Production Machine Operator
731938,Stone Processing Machine Operator
731999,Machine Operators nec
731131,Industrial Spray Painter
731231,Paper and Pulp Production Operator
731232,Timber and Wood Production Operator
731936,Photographic Print Processor
731332,Plastics Production Machine Operator
731331,Plastics Fabricator or Welder
731333,Reinforced Plastic and Composite Production Worker
731334,Rubber Production Machine Operator
731399,Plastics and Rubber Production Machine Operators nec
731431,Sewing Machinist
731432,Textile or Footwear Production Machine Operator
731931,Chemical Production Machine Operator
731132,Sandblaster
731937,Sterilisation Technician
732131,"Crane, Hoist or Lift Operator"
399231,Driller
732331,Miner
732332,Shot Firer
732231,Engineering Production Worker
732931,Boiler or Engine Operator
732932,Bulk Materials Handling Plant Operator
731934,Crushing Machine Operator
732999,Stationary Plant Operators nec
732933,Concrete Batching Plant Operator
732934,Concrete Pump Operator
732935,Railway Signal Operator
741934,Railway Shunter
399937,Railway Network Controller
732431,Wastewater or Water Plant Operator
732936,Weighbridge Operator
741131,Agricultural and Horticultural Mobile Plant Operator
741132,Logging Plant Operator
741231,Earthmoving Plant Operator (General)
741232,Backhoe Operator
741233,Bulldozer Operator
741234,Excavator Operator
741235,Grader Operator
741236,Loader Operator
741331,Forklift Driver
741931,Aircraft Baggage Handler and Ground Crew
741933,Linemarker
741999,Mobile Plant Operators nec
741935,Railway Track Plant Operator
741936,Road Roller Operator
741938,Streetsweeper Operator
741237,Tunnel Constructor
741937,Stevedore
711131,Chauffeur
711134,Taxi Driver
711132,Oversize Load Pilot Escort
711133,Rideshare Driver
711199,Automobile Drivers nec
711231,Bus Driver
711232,Charter and Tour Bus Driver
711233,Passenger Coach Driver
711331,Freight Train Driver
711332,Passenger Train Driver
711333,Tram Driver
713131,Truck Driver (General)
713231,Articulated Truck Driver
741932,Aircraft Refueller
712131,Furniture Removalist
713232,Tanker Truck Driver
713132,Tow Truck Driver
721131,Storeperson
721132,Warehouse Supervisor
811531,Vehicle Detailer
811131,Commercial Cleaner
811231,Domestic Cleaner
811431,Commercial Housekeeper
811432,Domestic Housekeeper
811332,Laundry Worker
811331,Drycleaner
811931,Carpet Cleaner
811933,Window Cleaner
811932,Roof Gutter Cleaner
811999,Cleaners and Laundry Workers nec
899937,Swimming Pool or Spa Technician
821131,Asbestos Removalist
821132,Builder's Labourer
821134,Demolition Labourer
821632,Pipe Layer
821631,"Drainage, Sewerage and Stormwater Labourer"
821135,Earthmoving Labourer
821633,Plumber's Assistant
371231,Concreter
821133,Concreter's Labourer
821331,Fencer
369933,Waterproofer
821431,Building Insulation Installer
369932,Swimming Pool and Spa Builder
821432,Garage Door Installer
821433,Shed Builder
821434,Window Furnishing Installer
821499,Home Improvement and Insulation Installers nec
821531,Paving and Surfacing Labourer
821934,Rail Protection Officer
821935,Railway Track Worker
821231,Construction Rigger
821731,Scaffolder
821732,Steel Fixer
821733,Structural Steel Erector
821232,Dogger
821931,Driller's Offsider
821932,Lagger
821933,Mining Support Worker
821936,Surveyor's Assistant
831131,Baking Factory Worker
831132,Brewery Worker
831134,Confectionery Maker
831135,Dairy Products Factory Worker
831136,Fruit and Vegetable Factory Worker
831137,Grain Mill Worker
831138,Sugar Mill Worker
831141,Winery Cellar Hand
831133,Coffee Roaster
831199,Food and Drink Factory Workers nec
831231,Meat Boner and Slicer
831232,Slaughterer
831331,Meat Process Worker
831332,Poultry Process Worker
831333,Seafood Process Worker
832132,Chocolate Packer
832131,Packer (General)
832133,Fruit and Vegetable Packer
832134,Meat Packer
832135,Seafood Packer
832231,Product Assembler
839135,Metal Engineering Process Worker
839137,Plastics Factory Worker
839199,Materials and Chemical Process Workers nec
839231,Product Examiner
839232,Product Grader
839233,Product Tester
839136,Paper and Pulp Process Worker
839141,Timber and Wood Process Worker
839131,Cement and Concrete Plant Worker
839132,Chemical Plant Worker
839133,Fabric and Textile Factory Worker
839134,Glass Processing Worker
839138,Recycling Worker
841331,Aquaculture Worker
841132,Fruit Farm Worker
841136,Nut Farm Worker
841133,Fruit Picker
841134,"Grain, Oilseed, Pulse and Pasture Farm Worker"
841138,Vegetable Farm Worker
841141,Vegetable Picker
841142,Vineyard Worker
841135,Mushroom Picker
841131,Cotton Farm Worker
841137,Sugar Cane Farm Worker
841199,Crop Farm Workers nec
343133,Forestry Operations Supervisor
842932,Forestry Worker
842131,Garden Labourer
842231,Horticultural Nursery Assistant
841231,Beef Cattle Farm Worker
841233,Dairy Cattle Farm Worker
841232,Cattle and Sheep Farm Worker
841299,Livestock Farm Workers nec
841236,Poultry Farm Worker
841234,Livestock Husbandry Worker
841237,Sheep Farm Worker
341133,Track Rider
841238,Stablehand
841241,Wool Handler
841235,Piggery Farm Worker
841332,Broadacre Crop and Livestock Farm Worker
841399,Mixed Production and Aquaculture Farm Workers nec
842999,Garden and Forestry Workers nec
399331,Pest Control Technician
842931,Bush Regenerator
842933,Irrigation Assistant
851131,Fast Food Cook
851233,Pastrycook's Assistant
851299,Food Preparation Assistants nec
851231,Kitchenhand (General)
851232,Dishwasher
891131,Freight Handler (Rail or Road)
891132,Truck Driver's Offsider
891231,Shelf Filler
899131,Caretaker
899231,Deck Hand
343132,Fishing Leading Hand
899232,Fishing Hand
899331,Handyperson
899431,Motor Vehicle Parts and Accessories Fitter (General)
899432,Autoglazier
899434,Tyre Fitter
899935,Recycling or Waste Collector
899941,Vending Machine Attendant
351432,Bicycle Technician
899931,Car Park Attendant
899932,Crossing Supervisor
899933,Electrical or Telecommunications Trades Assistant
899934,Leaflet or Newspaper Deliverer
899433,Mechanic's Assistant
899936,Sign Installer
899938,Trolley Collector
899631,Road Traffic Controller
899999,Labourers nec
