postcode,state_code,region_id
0872,7,702
0852,7,702
5690,4,406
6646,5,511
6440,5,511
6762,5,510
0822,7,702
4892,3,315
6770,5,510
0862,7,702
6431,5,511
6728,5,510
6642,5,511
6443,5,511
4871,3,315
6434,5,511
4825,3,315
5723,4,406
4829,3,315
5731,4,406
5733,4,406
4492,3,315
4823,3,315
2880,1,105
5734,4,406
2840,1,105
6743,5,510
6751,5,510
6740,5,510
6705,5,511
4735,3,315
6725,5,510
6701,5,511
5440,4,406
4702,3,308
4480,3,315
5724,4,406
4730,3,315
4820,3,318
4821,3,315
6760,5,510
6436,5,511
4490,3,315
4481,3,315
4482,3,315
6639,5,511
4822,3,315
4824,3,315
4830,3,315
2836,1,105
6630,5,511
5719,4,406
2835,1,105
4816,3,318
6635,5,511
5720,4,406
6753,5,510
4721,3,312
5717,4,406
4874,3,315
6532,5,511
6429,5,511
2831,1,105
6758,5,510
6710,5,510
4474,3,315
6640,5,511
2648,1,109
6438,5,511
2711,1,109
6716,5,510
6426,5,509
6452,5,511
4472,3,315
4470,3,315
5417,4,406
4890,3,315
4733,3,315
3490,2,215
2878,1,105
6714,5,510
4804,3,312
5713,4,406
6638,5,511
6450,5,511
2715,1,109
4488,3,307
4465,3,307
4726,3,315
2879,1,105
4736,3,315
4478,3,315
4487,3,307
4724,3,315
2839,1,105
6437,5,511
4722,3,308
5732,4,406
6612,5,511
4725,3,315
4731,3,315
2710,1,109
4455,3,307
4477,3,315
4486,3,307
6445,5,511
2832,1,105
4420,3,308
4828,3,315
5434,4,406
4728,3,315
4872,3,306
6765,5,510
4742,3,312
4895,3,315
2877,1,105
2675,1,113
4406,3,307
6484,5,509
4468,3,315
4413,3,307
6721,5,510
7116,6,603
2400,1,110
6472,5,509
4850,3,318
6346,5,511
4732,3,315
5715,4,406
2825,1,105
2354,1,110
4805,3,312
5680,4,406
5432,4,406
2460,1,104
4454,3,307
4727,3,315
4705,3,312
5607,4,406
2829,1,105
6620,5,511
4493,3,315
2652,1,113
4491,3,315
6355,5,509
6707,5,511
7469,6,604
4718,3,308
2850,1,103
2388,1,110
4723,3,308
6359,5,509
5641,4,406
4630,3,319
4467,3,307
4720,3,308
4390,3,307
2795,1,103
5730,4,406
2580,1,101
4489,3,315
4417,3,307
4680,3,308
2669,1,103
2372,1,110
6722,5,510
2824,1,105
4627,3,319
2350,1,110
7140,6,603
6537,5,511
5611,4,406
2833,1,105
3401,2,215
2370,1,110
2390,1,110
2630,1,101
4741,3,312
4419,3,307
4719,3,308
2330,1,106
5302,4,407
4479,3,315
5223,4,407
2550,1,101
6479,5,509
4626,3,319
4570,3,319
2871,1,103
4671,3,319
6338,5,509
2650,1,113
6343,5,509
6536,5,511
2365,1,110
2440,1,108
6447,5,511
6356,5,509
3885,2,205
4497,3,307
2838,1,105
5670,4,406
4745,3,312
2405,1,110
6337,5,509
6353,5,509
2360,1,110
2583,1,101
3496,2,215
3888,2,205
2343,1,110
2737,1,109
4352,3,307
2337,1,106
2340,1,110
2357,1,105
2671,1,103
2622,1,101
5602,4,406
5267,4,407
4625,3,319
5311,4,407
2422,1,108
4422,3,307
7030,6,603
2582,1,101
5275,4,407
5422,4,405
6468,5,509
4387,3,307
3723,2,204
4744,3,312
2347,1,110
2700,1,113
2830,1,105
6507,5,509
4707,3,312
4610,3,319
2827,1,105
6521,5,509
3418,2,215
2787,1,124
2646,1,109
2665,1,113
2329,1,106
5654,4,406
6623,5,511
2834,1,105
4357,3,307
4405,3,307
2849,1,103
3701,2,204
2823,1,105
4715,3,308
6258,5,501
6302,5,509
5271,4,407
6324,5,509
2642,1,113
6315,5,509
6390,5,509
2810,1,103
6519,5,511
4650,3,319
2469,1,112
2873,1,103
6275,5,501
6535,5,511
5655,4,406
6515,5,511
3862,2,205
2716,1,109
3858,2,205
2720,1,113
2790,1,103
6328,5,509
2870,1,103
2820,1,105
4800,3,312
4807,3,318
4423,3,307
6518,5,511
3875,2,205
5431,4,405
3678,2,204
2828,1,105
7321,6,604
6525,5,511
2666,1,113
6336,5,509
4428,3,307
2821,1,105
2628,1,101
2586,1,101
2875,1,103
4415,3,307
7330,6,604
6391,5,509
2733,1,109
6503,5,509
6308,5,509
6475,5,509
4370,3,307
2446,1,108
6225,5,501
2406,1,110
6244,5,501
6631,5,511
6369,5,509
2644,1,109
2594,1,101
7304,6,602
2581,1,101
2380,1,110
2738,1,109
4746,3,312
6306,5,509
5266,4,407
4416,3,307
2800,1,103
2404,1,110
3304,2,217
5301,4,407
2346,1,110
6341,5,509
2361,1,110
5280,4,407
3312,2,217
3477,2,215
6522,5,511
5272,4,407
2358,1,110
2371,1,110
2707,1,113
2680,1,113
3851,2,205
3707,2,204
3825,2,205
4380,3,307
6333,5,509
3579,2,215
2732,1,109
6365,5,509
5330,4,407
5642,4,406
2540,1,114
2396,1,105
2382,1,110
3691,2,204
2632,1,101
6317,5,509
2844,1,103
6395,5,509
2453,1,104
4601,3,319
2429,1,108
6383,5,509
7190,6,603
2672,1,103
4670,3,319
5259,4,407
2734,1,109
5268,4,407
4613,3,319
6304,5,509
5291,4,407
3737,2,204
4462,3,307
6603,5,509
4854,3,306
4496,3,307
3890,2,205
3889,2,205
6262,5,501
6375,5,509
2397,1,110
4581,3,319
2333,1,106
6415,5,509
3352,2,201
5304,4,407
2627,1,101
4494,3,307
4426,3,307
3420,2,215
5264,4,407
2620,1,101
6398,5,501
4421,3,307
2328,1,106
2402,1,110
4621,3,319
4743,3,312
6424,5,509
2409,1,110
2325,1,106
2629,1,101
5603,4,406
6260,5,501
2843,1,105
3409,2,215
2722,1,113
6394,5,509
4873,3,306
2408,1,110
5320,4,407
2474,1,112
2410,1,110
7264,6,602
2656,1,113
4660,3,319
5238,4,407
2381,1,110
6446,5,511
3551,2,202
6517,5,511
6510,5,509
2756,1,115
4706,3,308
3480,2,215
6320,5,509
5419,4,405
6330,5,509
2731,1,109
4498,3,307
4677,3,308
6485,5,509
4385,3,307
7255,6,602
7120,6,603
3314,2,217
2551,1,101
3860,2,205
3393,2,215
6396,5,509
4515,3,313
7214,6,602
6401,5,509
2480,1,112
3666,2,204
5575,4,405
5433,4,406
3424,2,215
3533,2,215
4615,3,319
2874,1,103
2386,1,105
4285,3,311
2423,1,108
4876,3,315
3891,2,205
3315,2,217
2590,1,113
2842,1,105
3379,2,215
4806,3,318
4314,3,313
3318,2,215
6312,5,509
4407,3,307
2359,1,110
3512,2,215
5309,4,407
3898,2,205
5308,4,407
2577,1,114
4860,3,306
2869,1,103
4716,3,308
2470,1,112
6477,5,509
6421,5,509
3249,2,217
3546,2,215
6423,5,509
2653,1,113
4703,3,308
3900,2,205
6321,5,509
5277,4,407
2631,1,101
2794,1,103
3377,2,215
6367,5,509
5661,4,406
5640,4,406
4620,3,319
5633,4,406
6473,5,509
3483,2,215
3527,2,215
6318,5,509
2537,1,101
6490,5,509
2826,1,105
2852,1,103
7306,6,604
3597,2,215
3491,2,215
5261,4,407
6609,5,509
2705,1,113
7109,6,603
2339,1,110
5357,4,407
5573,4,405
5650,4,406
2395,1,105
6407,5,509
6418,5,509
3260,2,217
6409,5,509
3896,2,205
7256,6,604
4849,3,306
5374,4,405
7212,6,602
5265,4,407
3518,2,202
5601,4,406
5307,4,407
3585,2,215
4306,3,310
4674,3,308
3717,2,204
6632,5,511
6358,5,509
5700,4,406
2645,1,109
6392,5,509
4356,3,307
4738,3,312
6425,5,509
3419,2,215
5671,4,406
2420,1,106
3501,2,215
4887,3,315
2450,1,104
6335,5,509
2403,1,110
4809,3,318
3544,2,215
3517,2,202
6370,5,509
2441,1,108
6410,5,509
3549,2,215
3301,2,217
6420,5,509
3413,2,215
2536,1,101
2484,1,112
7210,6,602
2713,1,109
5523,4,405
2712,1,109
2454,1,104
2817,1,105
5577,4,405
6316,5,509
2398,1,110
4424,3,307
6460,5,509
4737,3,312
2876,1,103
2729,1,113
7209,6,602
3294,2,217
2867,1,103
3494,2,215
4410,3,307
4310,3,310
2587,1,101
6368,5,509
2640,1,109
2355,1,110
3396,2,215
2546,1,101
2387,1,105
4427,3,307
7213,6,602
3673,2,204
3265,2,217
4699,3,308
5354,4,407
2336,1,106
3387,2,215
6397,5,509
2424,1,108
2575,1,114
4740,3,312
2804,1,103
6357,5,509
2545,1,101
5353,4,407
5253,4,407
6280,5,501
5461,4,405
4312,3,310
3373,2,201
2621,1,101
2701,1,113
4875,3,315
3833,2,205
3465,2,201
5652,4,406
4695,3,308
2430,1,108
6285,5,501
4880,3,315
5632,4,406
3385,2,215
3971,2,205
3395,2,215
4757,3,312
6215,5,501
3960,2,205
6256,5,501
5255,4,407
6627,5,511
5464,4,405
6476,5,509
2399,1,110
6363,5,509
3305,2,217
4355,3,307
7325,6,604
6462,5,509
7216,6,602
2611,1,113
3381,2,215
2311,1,106
3575,2,202
6606,5,509
6220,5,501
5491,4,405
6513,5,509
2727,1,113
4605,3,319
6352,5,509
3444,2,202
4343,3,317
2633,1,101
2379,1,105
3537,2,202
7260,6,602
3741,2,204
3669,2,204
6311,5,509
6405,5,509
6608,5,509
5540,4,405
3351,2,215
4817,3,318
4311,3,310
5303,4,407
6448,5,511
6255,5,501
2338,1,106
2706,1,113
2868,1,105
5333,4,407
3525,2,215
7262,6,602
4361,3,307
3423,2,215
2714,1,109
4580,3,319
2866,1,103
4388,3,307
4340,3,310
6575,5,509
2775,1,115
3414,2,215
6509,5,509
5631,4,406
5340,4,407
3740,2,204
4425,3,307
7302,6,602
3713,2,204
4815,3,318
7215,6,602
2250,1,102
2579,1,101
6616,5,511
4717,3,308
4401,3,307
6044,5,509
6569,5,509
2401,1,110
5381,4,405
6461,5,509
2793,1,103
4676,3,308
3561,2,216
4678,3,308
3272,2,217
3564,2,216
2539,1,114
6566,5,509
5254,4,407
6628,5,511
2799,1,103
3660,2,204
3485,2,215
4712,3,308
4600,3,319
2865,1,103
3509,2,215
3714,2,204
6488,5,509
7315,6,604
4404,3,307
6625,5,511
3392,2,215
5555,4,405
2476,1,110
4612,3,319
4697,3,308
6284,5,501
5550,4,405
5605,4,406
2846,1,103
4403,3,307
4881,3,306
2668,1,103
6568,5,509
5552,4,405
3268,2,217
3407,2,217
3779,2,204
7257,6,602
3319,2,215
6470,5,509
3844,2,205
6489,5,509
3631,2,216
6613,5,509
6614,5,511
5501,4,405
3570,2,202
4313,3,310
3266,2,217
3289,2,217
2447,1,108
6512,5,509
2324,1,106
2449,1,108
2342,1,110
5485,4,405
4888,3,306
6373,5,509
5262,4,407
6239,5,501
5356,4,407
0850,7,702
4382,3,307
2463,1,104
5495,4,405
4754,3,312
5418,4,405
5454,4,405
5453,4,405
5276,4,407
6326,5,509
4309,3,310
2356,1,110
3709,2,204
6313,5,509
2721,1,103
6348,5,511
3505,2,215
4818,3,318
6386,5,509
3608,2,204
5270,4,407
3463,2,202
3893,2,205
6422,5,509
6427,5,509
6516,5,509
6567,5,509
5571,4,405
3461,2,201
3540,2,215
2806,1,103
2425,1,108
3482,2,215
5520,4,405
3568,2,215
4362,3,307
4514,3,313
6605,5,509
3953,2,205
7307,6,604
5413,4,405
2822,1,105
3639,2,216
3956,2,205
6213,5,509
3559,2,216
7252,6,602
3388,2,215
3325,2,217
4341,3,310
2663,1,113
4714,3,308
4408,3,307
6411,5,509
6350,5,509
3847,2,205
7259,6,602
3730,2,216
6208,5,502
3530,2,215
6574,5,509
3303,2,217
5653,4,406
4374,3,307
4739,3,312
5576,4,405
5279,4,407
2818,1,105
2681,1,113
2462,1,104
3523,2,202
4701,3,308
2259,1,102
5660,4,406
6502,5,509
2758,1,115
4799,3,312
4608,3,319
6487,5,509
3507,2,215
5211,4,407
4655,3,319
6111,5,506
3675,2,204
3489,2,215
5373,4,405
3364,2,201
2415,1,108
2660,1,109
6466,5,509
6361,5,509
4211,3,309
7150,6,603
3638,2,216
6412,5,509
6309,5,509
5310,4,407
2471,1,112
5482,4,405
3390,2,215
2702,1,113
3764,2,204
2864,1,103
2658,1,113
4552,3,316
2472,1,112
3472,2,201
2352,1,110
4411,3,307
3506,2,215
6236,5,501
5554,4,405
5558,4,405
3342,2,201
2655,1,113
3302,2,217
3747,2,204
4287,3,311
2730,1,113
7301,6,602
6465,5,509
3241,2,203
6322,5,509
7211,6,602
3662,2,204
3285,2,217
2475,1,110
3722,2,204
2320,1,106
0847,7,702
3384,2,215
2411,1,110
6351,5,509
3542,2,215
2570,1,123
3636,2,216
5651,4,406
3271,2,217
2538,1,114
3324,2,217
3286,2,217
6288,5,501
4418,3,307
6323,5,509
5222,4,407
6372,5,509
3239,2,217
2626,1,101
3283,2,217
6428,5,509
3612,2,216
5522,4,405
3237,2,217
3728,2,216
4855,3,306
7310,6,604
3311,2,217
2792,1,103
2659,1,109
3293,2,217
5560,4,405
3799,2,211
2439,1,108
2321,1,106
3620,2,216
6419,5,509
2647,1,109
5502,4,405
5481,4,405
7263,6,602
3573,2,216
3685,2,204
3571,2,202
2624,1,101
6562,5,509
2369,1,110
6084,5,504
3391,2,215
6207,5,509
4412,3,307
6385,5,509
6467,5,509
4574,3,316
2803,1,101
3840,2,205
3646,2,216
3682,2,204
3516,2,202
2344,1,110
3276,2,217
3531,2,215
4870,3,306
4371,3,307
3287,2,217
3375,2,215
6393,5,509
5483,4,405
3712,2,204
3909,2,205
3412,2,215
3300,2,217
2428,1,108
4885,3,306
3887,2,205
5421,4,405
4344,3,317
3487,2,215
6221,5,501
4365,3,307
5273,4,407
3458,2,201
3672,2,204
5306,4,407
5460,4,405
2443,1,108
3371,2,201
6286,5,501
7468,6,604
3725,2,204
3634,2,216
3378,2,215
3488,2,215
3629,2,216
4358,3,307
3658,2,204
5278,4,407
6083,5,504
4673,3,319
4565,3,316
5341,4,406
5580,4,405
4659,3,319
3821,2,205
3478,2,201
5204,4,407
5235,4,405
7303,6,602
4520,3,314
4798,3,312
4883,3,306
5332,4,407
3251,2,217
2345,1,110
3529,2,215
3871,2,205
0840,7,702
3321,2,203
2805,1,103
4810,3,318
6237,5,501
5725,4,406
4802,3,312
3360,2,201
5269,4,407
3895,2,205
4275,3,309
3757,2,209
5260,4,407
4350,3,317
3340,2,201
3317,2,215
2574,1,107
6505,5,509
2584,1,101
3616,2,216
5351,4,405
3699,2,204
3700,2,204
5420,4,405
3818,2,205
7254,6,602
4359,3,307
4694,3,308
7316,6,604
3274,2,217
7275,6,602
3870,2,205
3451,2,202
3370,2,201
5214,4,407
4183,3,301
2735,1,109
6327,5,509
3874,2,205
5401,4,405
2798,1,103
2335,1,106
5604,4,406
6041,5,509
3683,2,204
3644,2,216
6253,5,501
3331,2,203
3329,2,203
6712,5,510
5490,4,405
2725,1,113
5630,4,406
3361,2,201
2585,1,101
3243,2,217
3334,2,201
5480,4,405
6124,5,506
7270,6,602
3732,2,204
3556,2,202
3670,2,204
4886,3,306
3641,2,216
3213,2,203
4606,3,319
6506,5,509
3610,2,216
2649,1,113
3727,2,216
3726,2,204
2421,1,106
7292,6,602
3892,2,205
6243,5,501
6480,5,509
7172,6,601
4461,3,307
3333,2,203
2318,1,106
3030,2,213
3705,2,204
3139,2,211
6413,5,509
3719,2,204
3715,2,204
0830,7,701
3238,2,217
2807,1,103
3637,2,216
4402,3,307
3664,2,204
3469,2,201
2341,1,110
2477,1,112
3515,2,202
6442,5,511
3292,2,217
3273,2,217
6514,5,511
3442,2,202
3777,2,211
2549,1,101
2444,1,108
3468,2,201
3284,2,217
6043,5,509
6528,5,511
6125,5,506
3448,2,202
6384,5,509
4713,3,308
6035,5,505
4510,3,313
5412,4,405
7054,6,601
4560,3,316
3240,2,203
2588,1,113
3323,2,217
6501,5,509
3824,2,205
5342,4,407
2736,1,109
3277,2,217
3959,2,205
5203,4,407
3586,2,215
6271,5,501
3735,2,204
4562,3,316
2535,1,114
3475,2,201
2560,1,123
6076,5,506
2456,1,104
4307,3,310
5345,4,407
5473,4,405
5244,4,401
4384,3,307
4808,3,318
3783,2,212
4571,3,316
5343,4,407
4519,3,316
3269,2,217
4521,3,314
5570,4,405
3995,2,205
2353,1,110
5237,4,407
7026,6,603
6556,5,504
2618,1,101
4756,3,312
7265,6,602
5153,4,401
3558,2,202
4124,3,311
3981,2,212
3522,2,204
3859,2,205
4884,3,306
3720,2,204
6718,5,510
4865,3,306
3688,2,204
3235,2,203
3212,2,203
3864,2,205
3233,2,217
3621,2,216
3749,2,204
3330,2,203
2478,1,112
3665,2,204
2791,1,103
3437,2,210
6414,5,509
2483,1,112
3695,2,204
3572,2,216
3635,2,216
2312,1,108
5470,4,405
3557,2,202
6126,5,506
2482,1,112
5256,4,407
7112,6,603
3435,2,210
3659,2,204
5321,4,407
3831,2,205
7182,6,603
6463,5,509
6251,5,501
2576,1,114
7250,6,602
3429,2,210
4025,3,313
6572,5,509
0873,7,702
3854,2,205
5472,4,405
2323,1,106
3453,2,202
6233,5,501
3921,2,205
4614,3,307
6074,5,504
4213,3,309
3704,2,204
5416,4,405
3880,2,205
3434,2,210
3951,2,205
5118,4,402
2623,1,101
4811,3,318
2848,1,103
2808,1,101
4877,3,306
2479,1,112
3599,2,215
3640,2,216
4373,3,307
3622,2,216
2571,1,123
2809,1,103
7268,6,602
5400,4,405
2508,1,107
3649,2,216
3363,2,201
6571,5,509
4563,3,316
2726,1,101
3281,2,217
5202,4,407
5462,4,405
4354,3,307
5355,4,405
5521,4,405
2643,1,109
3374,2,215
3337,2,213
3778,2,204
6290,5,501
7253,6,602
3945,2,205
2232,1,128
6754,5,510
7027,6,603
3996,2,205
4207,3,311
4364,3,307
3234,2,217
3962,2,205
3856,2,205
2157,1,115
2797,1,103
5114,4,402
4280,3,311
0846,7,702
5556,4,405
6078,5,505
3576,2,202
4507,3,313
6430,5,511
3222,2,203
5572,4,405
3581,2,215
6214,5,502
7467,6,604
3024,2,213
3810,2,212
3797,2,211
0841,7,701
3630,2,216
5451,4,405
4208,3,309
3596,2,215
3562,2,216
3697,2,204
4347,3,317
3462,2,202
3984,2,212
2331,1,106
6798,9,901
2265,1,111
4753,3,312
6112,5,506
3770,2,211
3217,2,203
6713,5,510
4891,3,315
3816,2,205
2526,1,107
3341,2,201
3566,2,216
4209,3,309
2481,1,112
0836,7,701
5415,4,405
0837,7,701
3623,2,216
5701,4,405
5236,4,407
2173,1,123
4377,1,110
5510,4,405
5471,4,405
2609,8,801
2159,1,115
6530,5,511
2745,1,124
3988,2,205
3279,2,217
7305,6,604
3966,2,205
7184,6,603
3775,2,211
6122,5,506
3310,2,217
3823,2,205
3977,2,212
2258,1,102
3950,2,205
2717,1,109
6281,5,501
6224,5,501
2548,1,101
3563,2,216
2753,1,124
3264,2,217
4861,3,306
4852,3,306
3029,2,213
4561,3,316
4856,3,306
3464,2,201
5171,4,403
3521,2,204
0845,7,702
5252,4,401
2264,1,111
3763,2,209
7173,6,601
4700,3,308
7267,6,602
3309,2,217
3567,2,215
3211,2,203
3338,2,213
2785,1,124
3753,2,209
3221,2,203
7017,6,601
7300,6,602
5263,4,407
5172,4,407
4751,3,312
3958,2,205
2322,1,106
5352,4,405
7470,6,604
2084,1,122
3242,2,217
6504,5,509
2533,1,107
2448,1,108
0853,7,702
2572,1,123
6079,5,504
3064,2,210
3815,2,212
4069,3,304
4342,3,310
2464,1,104
3467,2,201
3228,2,203
4165,3,301
3232,2,203
5411,4,405
5251,4,401
4512,3,313
6056,5,504
5157,4,403
4516,3,313
2900,8,801
3756,2,209
3584,2,215
6230,5,501
2486,1,112
3520,2,202
3099,2,209
4503,3,314
5231,4,401
4353,3,307
3992,2,205
2847,1,103
3939,2,214
7277,6,602
4704,3,308
7258,6,602
6211,5,502
3812,2,212
3869,2,205
3230,2,203
7178,6,603
3978,2,212
4568,3,316
4551,3,316
6226,5,501
6282,5,501
7025,6,601
3267,2,217
5414,4,405
7170,6,601
3380,2,215
3873,2,205
5455,4,405
6218,5,501
5322,4,407
2527,1,107
3218,2,203
5210,4,407
5372,4,405
0880,7,702
3718,2,204
2530,1,107
3332,2,203
5410,4,405
4360,3,307
6121,5,506
3967,2,205
6252,5,501
6171,5,507
3430,2,210
3350,2,201
4500,3,314
0838,7,701
5120,4,402
4882,3,306
3614,2,216
3624,2,216
5331,4,407
4210,3,309
5371,4,405
3250,2,217
6219,5,501
7186,6,603
7261,6,602
3690,2,204
2326,1,106
4517,3,316
3607,2,204
4228,3,309
6164,5,507
5581,4,405
3500,2,215
3814,2,212
5233,4,401
3280,2,217
0835,7,701
2445,1,108
6167,5,507
2534,1,107
6082,5,504
3708,2,204
4858,3,306
4300,3,310
3820,2,205
3227,2,203
4305,3,310
2316,1,106
5583,4,405
3175,2,212
2256,1,102
3431,2,210
4518,3,316
0874,7,702
7139,6,603
3223,2,203
6254,5,501
4556,3,316
2426,1,108
5452,4,405
6223,5,501
4381,3,307
3987,2,205
3322,2,217
3979,2,205
3813,2,212
4550,3,316
6069,5,504
7466,6,604
3663,2,204
5201,4,401
3882,2,205
5710,4,406
3922,2,205
4869,3,306
3427,2,210
3857,2,205
6720,5,510
2845,1,103
2487,1,112
4363,3,307
3835,2,205
5110,4,402
4553,3,316
3957,2,205
3915,2,214
3498,2,215
4711,3,308
6210,5,502
2765,1,115
2156,1,115
3822,2,205
3282,2,217
3224,2,203
7175,6,601
7176,6,601
6110,5,506
3711,2,204
4573,3,316
3278,2,217
5582,4,405
3328,2,203
6403,5,509
4814,3,318
3782,2,212
0870,7,702
7291,6,602
4506,3,313
2283,1,111
3580,2,215
3231,2,203
6055,5,504
3733,2,204
3565,2,216
2703,1,113
7020,6,601
3746,2,204
3754,2,209
3618,2,216
4178,3,301
3886,2,205
6560,5,509
3929,2,214
3335,2,213
2777,1,124
2178,1,127
2170,1,127
3633,2,216
3926,2,214
7177,6,603
3750,2,209
3739,2,204
3550,2,202
4383,1,110
3832,2,205
4505,3,313
2752,1,124
6037,5,505
2261,1,102
7179,6,603
4819,3,318
4878,3,306
2739,1,109
4270,3,309
3216,2,203
6065,5,505
4555,3,316
3991,2,205
6168,5,507
3156,2,211
3698,2,204
3677,2,204
3850,2,205
6564,5,509
7117,6,603
3809,2,212
2455,1,104
2578,1,114
4133,3,311
3236,2,217
4216,3,309
3415,2,215
3446,2,202
6558,5,504
2749,1,124
4223,3,309
3447,2,202
4378,3,307
3946,2,205
3345,2,201
4008,3,302
2431,1,108
3806,2,212
2541,1,114
3936,2,214
2278,1,111
3460,2,201
3063,2,210
7119,6,603
0829,7,701
6240,5,501
3758,2,209
6071,5,504
7113,6,603
3744,2,204
5234,4,401
2251,1,102
2747,1,124
2748,1,124
5232,4,401
3933,2,214
6163,5,507
4611,3,319
7174,6,601
4272,3,309
3781,2,212
0860,7,702
2158,1,115
6031,5,505
4504,3,313
3903,2,205
4157,3,301
4559,3,316
3912,2,214
3555,2,202
2233,1,128
2529,1,107
6227,5,501
4400,3,307
2556,1,127
2081,1,121
3270,2,217
6032,5,505
2427,1,108
3761,2,209
3097,2,209
2234,1,128
3023,2,213
2304,1,111
0820,7,701
3440,2,210
4125,3,311
7050,6,601
3937,2,214
2899,9,901
2780,1,124
5221,4,407
3336,2,213
2287,1,111
4130,3,311
2786,1,103
2148,1,116
4569,3,316
6107,5,506
6081,5,504
5159,4,403
4554,3,316
3980,2,212
2617,8,801
2615,8,801
7248,6,602
3954,2,205
3595,2,215
3687,2,204
5134,4,401
2179,1,127
4511,3,313
0812,7,701
6123,5,506
2290,1,111
5213,4,407
2557,1,127
2750,1,124
6166,5,507
4301,3,310
3808,2,212
3076,2,209
3916,2,214
4110,3,303
2651,1,113
5163,4,403
5360,4,405
3199,2,214
4212,3,309
2568,1,123
6155,5,506
3441,2,210
4184,3,301
2262,1,102
3428,2,210
2641,1,109
4710,3,308
6077,5,505
3617,2,216
2083,1,121
5121,4,402
5606,4,406
3588,2,215
6027,5,505
0834,7,701
3590,2,215
4372,3,307
2285,1,111
2315,1,106
7320,6,604
6176,5,507
5350,4,405
4156,3,303
2912,8,801
3225,2,203
6228,5,501
5245,4,401
6073,5,504
5242,4,401
7171,6,601
6105,5,506
5344,4,407
2473,1,112
6169,5,507
4070,3,304
2567,1,123
2281,1,111
3925,2,205
3059,2,210
5152,4,401
4214,3,309
5174,4,403
3355,2,201
4127,3,311
5608,4,406
3095,2,209
3934,2,214
3589,2,215
3795,2,211
2565,1,123
2319,1,106
4034,3,302
4662,3,319
2257,1,102
3762,2,209
3140,2,211
5173,4,403
3594,2,215
4226,3,309
0875,7,702
3910,2,214
3583,2,215
3928,2,214
0828,7,701
3755,2,209
2566,1,123
3026,2,213
2280,1,111
6068,5,504
3738,2,204
3432,2,210
3904,2,205
3805,2,212
2145,1,125
3150,2,212
3751,2,209
2766,1,116
2155,1,115
3214,2,203
7011,6,601
2500,1,107
3045,2,210
5243,4,401
7012,6,601
7322,6,604
5290,4,407
2569,1,123
2101,1,122
7187,6,603
4868,3,306
3902,2,205
4509,3,314
3438,2,210
5241,4,401
4566,3,316
3990,2,205
3433,2,210
3357,2,201
4346,3,310
5125,4,402
2286,1,111
6170,5,507
3020,2,213
4055,3,314
6109,5,506
2770,1,116
4564,3,316
4879,3,306
3195,2,208
0810,7,701
3941,2,214
5094,4,402
7162,6,603
2284,1,111
4118,3,311
6030,5,505
3400,2,215
5722,4,406
2260,1,102
3913,2,214
2465,1,104
5116,4,402
5158,4,403
2600,8,801
3115,2,211
3930,2,214
4076,3,310
7018,6,601
4152,3,303
3136,2,211
3450,2,202
3134,2,211
2077,1,121
4304,3,310
6209,5,502
3037,2,213
2490,1,112
2263,1,102
3152,2,211
3804,2,212
3116,2,211
2754,1,124
5240,4,401
6182,5,507
2074,1,121
2602,8,801
2175,1,127
2913,8,801
4017,3,302
3178,2,211
3173,2,212
4164,3,301
2171,1,127
3752,2,209
3842,2,205
7163,6,603
2774,1,124
5212,4,407
6172,5,507
3931,2,214
3759,2,209
4122,3,303
2782,1,124
2778,1,124
3160,2,211
2334,1,106
2153,1,115
3201,2,214
4567,3,316
4220,3,309
3793,2,211
2176,1,127
2905,8,801
0832,7,701
4217,3,309
5115,4,402
6025,5,505
5162,4,403
3021,2,213
4508,3,313
4215,3,309
2231,1,128
4859,3,306
6161,5,507
6033,5,505
3073,2,209
4077,3,310
3591,2,215
5493,4,405
2154,1,115
6018,5,505
5111,4,402
7180,6,603
6057,5,506
2099,1,122
3911,2,214
6229,5,501
3083,2,209
3226,2,203
5108,4,402
6165,5,507
7185,6,603
2555,1,127
3878,2,205
7331,6,604
3089,2,209
4575,3,316
3788,2,211
2075,1,121
5051,4,403
3018,2,213
4750,3,312
3254,2,217
2760,1,124
4375,3,307
3923,2,205
3113,2,211
6038,5,505
7010,6,601
3918,2,214
6062,5,504
6432,5,511
3215,2,203
6058,5,506
3796,2,211
2573,1,123
4014,3,302
5062,4,403
3647,2,216
2914,8,801
2898,1,108
6061,5,505
5131,4,401
4116,3,303
3275,2,217
3106,2,207
2085,1,122
2147,1,116
3028,2,213
2076,1,121
2164,1,127
3219,2,203
5052,4,403
2759,1,124
6064,5,505
5015,4,404
4109,3,303
6010,5,503
6026,5,505
6034,5,505
3920,2,214
4218,3,309
5346,4,407
4123,3,303
3091,2,209
7015,6,601
3012,2,213
2166,1,127
2601,8,801
4221,3,309
5250,4,401
3149,2,212
3802,2,212
5013,4,404
5155,4,401
4303,3,310
2327,1,106
4154,3,301
7155,6,603
2776,1,124
4558,3,316
4053,3,302
3927,2,214
5112,4,402
4160,3,301
2761,1,116
2661,1,113
3760,2,209
3074,2,209
4066,3,304
3807,2,212
7019,6,601
5109,4,402
2489,1,112
3153,2,211
4114,3,311
2466,1,104
3046,2,210
4113,3,303
2515,1,107
5072,4,401
5133,4,401
5132,4,401
5117,4,402
3025,2,213
3159,2,211
2200,1,119
6067,5,504
3356,2,201
2505,1,107
5169,4,403
2485,1,112
6799,9,901
4161,3,301
2488,1,112
6180,5,502
4155,3,301
0886,7,702
2100,1,122
4376,3,307
3975,2,212
3038,2,213
3976,2,212
4812,3,318
3088,2,209
2113,1,126
7016,6,601
6054,5,504
5141,4,401
3084,2,209
3082,2,209
2763,1,116
3865,2,205
2168,1,127
6042,5,509
6020,5,505
4132,3,311
4036,3,302
2452,1,104
2518,1,107
3137,2,211
7249,6,602
7183,6,603
0854,7,702
6152,5,506
2762,1,116
4078,3,310
5113,4,402
3138,2,211
2779,1,124
3043,2,210
3198,2,214
4061,3,304
4227,3,309
3174,2,212
3061,2,210
3130,2,207
7008,6,601
4128,3,311
6070,5,504
3791,2,211
2295,1,111
2020,1,117
5138,4,401
2141,1,125
4115,3,303
6021,5,505
3172,2,212
2036,1,118
4074,3,304
6028,5,505
4163,3,301
4020,3,313
3111,2,211
6149,5,507
6108,5,506
2563,1,123
3220,2,203
5095,4,402
3047,2,210
4709,3,308
3169,2,212
2289,1,111
3072,2,209
4557,3,316
3155,2,211
2902,8,801
2619,1,101
3944,2,214
4131,3,311
2528,1,107
4159,3,301
2282,1,111
2906,8,801
2161,1,125
2614,8,801
3109,2,207
2210,1,119
3171,2,212
2079,1,121
3765,2,211
2142,1,125
7022,6,601
3090,2,209
7000,6,601
6104,5,506
3133,2,211
2229,1,128
2151,1,125
3170,2,212
6059,5,505
7290,6,602
3196,2,208
5076,4,401
4019,3,313
3192,2,208
2080,1,121
3101,2,207
5000,4,401
4121,3,303
3036,2,210
4022,3,313
4068,3,304
2607,8,801
2073,1,121
5144,4,401
2767,1,116
3049,2,210
2213,1,119
5160,4,403
6511,5,509
6053,5,504
6015,5,503
7004,6,601
4153,3,301
2904,8,801
6009,5,503
2317,1,106
2190,1,119
6150,5,507
3207,2,206
4035,3,314
6148,5,506
4051,3,304
6014,5,503
2066,1,121
5096,4,402
3114,2,211
2612,8,801
5092,4,402
3168,2,212
6019,5,505
5139,4,401
6726,5,510
2112,1,126
2605,8,801
2519,1,107
4179,3,301
4106,3,303
2603,8,801
3135,2,211
6063,5,504
2502,1,107
5049,4,403
3131,2,211
6153,5,507
4037,3,314
3104,2,207
3033,2,210
5066,4,401
2122,1,126
6181,5,502
2230,1,128
2606,8,801
5168,4,403
2564,1,123
2768,1,116
3165,2,208
2517,1,107
6036,5,505
3096,2,209
3145,2,208
2121,1,126
2087,1,122
2165,1,127
5018,4,404
2305,1,111
3042,2,210
4173,3,301
4170,3,305
3965,2,205
6066,5,504
4129,3,311
3015,2,213
3108,2,207
3179,2,211
6147,5,506
2516,1,107
5042,4,403
3852,2,205
2088,1,121
5091,4,402
4108,3,303
6024,5,505
2144,1,125
2525,1,107
5085,4,402
7009,6,601
2118,1,125
3766,2,211
6060,5,505
4172,3,301
2160,1,125
3803,2,212
5154,4,401
2773,1,124
7005,6,601
3186,2,208
3204,2,208
2757,1,115
3193,2,208
6106,5,506
6232,5,501
5137,4,401
2126,1,115
5043,4,403
2082,1,121
4501,3,314
6017,5,505
2086,1,122
4117,3,303
7053,6,601
3767,2,211
5024,4,404
5107,4,402
2107,1,122
2127,1,125
2125,1,115
2071,1,121
5022,4,404
5136,4,401
3048,2,210
6151,5,506
3075,2,209
3040,2,206
5161,4,403
4012,3,302
2558,1,123
3079,2,209
3124,2,207
6156,5,507
6100,5,506
2120,1,121
2069,1,121
2093,1,122
3194,2,208
4032,3,302
5073,4,401
3085,2,209
3041,2,210
5600,4,406
2070,1,121
6023,5,505
3016,2,213
2019,1,117
2137,1,120
2211,1,119
2506,1,107
5950,4,404
2783,1,124
2223,1,119
3163,2,208
2291,1,111
2207,1,119
4105,3,303
2117,1,125
4075,3,310
3202,2,208
6008,5,503
2196,1,119
6102,5,506
5023,4,404
3943,2,214
3128,2,207
5086,4,402
2167,1,123
5097,4,402
3058,2,206
3093,2,209
4174,3,301
5106,4,402
3789,2,211
3167,2,212
3132,2,211
2114,1,126
4502,3,314
3003,2,206
6090,5,504
3919,2,214
5050,4,403
2307,1,111
5170,4,403
6173,5,507
2135,1,120
3105,2,207
2903,8,801
7007,6,601
3166,2,212
2212,1,119
6101,5,506
3154,2,211
3078,2,206
6005,5,503
3942,2,214
4018,3,302
6157,5,507
2217,1,119
3081,2,209
3158,2,211
5070,4,401
3121,2,206
5041,4,403
7052,6,601
5008,4,404
5064,4,401
2784,1,124
3127,2,207
3129,2,207
5014,4,404
5098,4,402
2031,1,118
2174,1,127
2046,1,120
3070,2,206
7276,6,602
2206,1,119
3011,2,213
2228,1,128
3107,2,207
2035,1,118
3122,2,207
2150,1,125
6072,5,504
5010,4,404
4030,3,305
4205,3,311
4060,3,305
3197,2,208
2067,1,121
5048,4,403
5126,4,402
2162,1,125
2204,1,117
3188,2,208
2021,1,118
5167,4,403
5032,4,404
5031,4,404
2065,1,121
3180,2,211
2068,1,121
3013,2,213
5074,4,401
3187,2,208
2216,1,119
2119,1,126
4021,3,313
2095,1,122
3146,2,207
6160,5,507
6154,5,507
4009,3,302
5011,4,404
3785,2,211
2604,8,801
3032,2,213
5082,4,401
6162,5,507
4006,3,305
3062,2,210
3034,2,210
2221,1,119
2214,1,119
4151,3,303
4011,3,305
3103,2,207
4111,3,303
2299,1,111
3060,2,210
2226,1,128
2177,1,127
3177,2,212
2220,1,119
3071,2,206
3200,2,214
4054,3,304
4101,3,305
5006,4,401
5090,4,402
2911,8,801
5068,4,401
3125,2,207
5087,4,402
3044,2,210
3031,2,206
4065,3,305
6051,5,504
5045,4,403
3056,2,206
4073,3,304
5156,4,401
3358,2,201
5016,4,404
5084,4,402
7021,6,601
6011,5,503
2040,1,120
4171,3,305
2097,1,122
3162,2,208
2111,1,126
2224,1,128
4112,3,303
2103,1,122
2030,1,118
2769,1,116
7023,6,601
3940,2,214
5039,4,403
4225,3,309
2199,1,119
6000,5,503
2227,1,128
4031,3,302
3189,2,208
4107,3,303
3786,2,211
5021,4,404
2208,1,119
5127,4,402
6174,5,507
5093,4,402
5012,4,404
4007,3,305
3039,2,206
2559,1,123
6050,5,503
6012,5,503
5089,4,402
3019,2,213
3938,2,214
5065,4,401
2000,1,117
2152,1,125
3142,2,206
3151,2,207
2209,1,119
2205,1,119
2015,1,117
3161,2,208
5081,4,401
4119,3,311
5047,4,403
2110,1,126
2102,1,122
5044,4,403
5151,4,401
3052,2,206
3102,2,207
4103,3,303
3068,2,206
5034,4,401
3004,2,206
5061,4,401
2298,1,111
5046,4,403
3792,2,211
4067,3,304
5025,4,404
2115,1,125
5019,4,404
2018,1,117
5067,4,401
5063,4,401
2044,1,117
5069,4,401
3027,2,213
3094,2,209
2106,1,122
2116,1,125
2072,1,121
2138,1,120
2219,1,119
3087,2,209
2140,1,120
2163,1,125
5037,4,404
2146,1,125
5017,4,404
5140,4,401
2104,1,122
3191,2,208
3182,2,206
3206,2,206
2172,1,127
3190,2,208
2267,1,111
5033,4,404
4000,3,305
2026,1,118
6159,5,507
6175,5,507
5007,4,404
4064,3,305
5075,4,401
2195,1,119
3141,2,206
2678,1,113
3123,2,207
5142,4,401
2136,1,120
2300,1,111
5009,4,404
2096,1,122
3787,2,211
2131,1,120
2194,1,119
6103,5,506
2198,1,119
6022,5,505
4102,3,303
4059,3,305
3144,2,208
7055,6,601
4013,3,302
3055,2,206
6004,5,503
2193,1,120
5164,4,403
4169,3,305
0800,7,701
6016,5,503
3008,2,206
6158,5,507
3126,2,207
4224,3,309
2092,1,122
5609,4,406
6006,5,503
2034,1,118
2303,1,111
4104,3,303
3148,2,212
5038,4,404
4120,3,303
6007,5,503
2108,1,122
3147,2,207
3181,2,206
2197,1,119
3964,2,205
6052,5,503
2292,1,111
5165,4,403
3185,2,208
5220,4,407
0885,7,702
2192,1,119
2063,1,121
4005,3,305
2128,1,125
2060,1,121
2033,1,118
4158,3,301
2218,1,119
3184,2,206
2133,1,120
2222,1,119
2064,1,121
2029,1,118
3000,2,206
2134,1,120
2132,1,120
2041,1,120
2045,1,120
6029,5,505
2023,1,118
3051,2,206
2047,1,120
2143,1,119
3054,2,206
3057,2,206
7024,6,601
3205,2,206
2105,1,122
2010,1,117
3143,2,206
2037,1,117
3022,2,213
2225,1,128
2203,1,120
3183,2,206
2090,1,121
2042,1,117
2294,1,111
2032,1,118
2017,1,117
2024,1,118
2022,1,118
5088,4,402
5166,4,403
3002,2,206
3006,2,206
2039,1,120
3067,2,206
2308,1,111
2191,1,119
2306,1,111
5040,4,404
3053,2,206
5035,4,401
5083,4,401
5020,4,404
2062,1,121
2089,1,121
4572,3,316
2050,1,117
2038,1,120
3065,2,206
2011,1,117
2027,1,118
3066,2,206
2293,1,111
4010,3,305
2049,1,117
2025,1,118
2048,1,117
2130,1,120
2016,1,117
2094,1,122
0839,7,701
5150,4,403
2625,1,101
2009,1,117
2008,1,117
6003,5,503
2302,1,111
2043,1,117
2297,1,111
2028,1,118
2296,1,111
2061,1,121
2007,1,117
9797,7,797
9494,9,999
ZZZZ,Z,ZZZ
