category,code,unit_group,employed_2020_k,employed_2021_k,employed_2022_k,employed_2023_k,employed_2024_k,employed_2025_k,change_2020_2021,change_2021_2022,change_2022_2023,change_2023_2024,change_2024_2025,pct_change_2020_2021,pct_change_2021_2022,pct_change_2022_2023,pct_change_2023_2024,pct_change_2024_2025,total_change_2020_2025,total_pct_change_2020_2025,cagr_2020_2025
Business,2211,Accountants,187.3349,196.2839,208.7771,201.5341,198.4169,223.3246,8.949,12.4932,-7.243,-3.1172,24.9078,0.0478,0.0636,-0.0347,-0.0155,0.1255,35.9898,0.1921,0.0358
Business,2212,"Auditors, Company Secretaries and Corporate Treasurers",29.1955,29.9618,29.0775,34.6528,34.0653,30.5684,0.7663,-0.8843,5.5754,-0.5876,-3.4969,0.0262,-0.0295,0.1917,-0.017,-0.1027,1.3729,0.047,0.0092
Business,2221,Financial Brokers,32.6125,37.4749,40.5856,47.4849,42.2163,53.2359,4.8624,3.1107,6.8993,-5.2686,11.0196,0.1491,0.083,0.17,-0.111,0.261,20.6234,0.6324,0.103
Business,2223,Financial Investment Advisers and Managers,53.2865,49.2331,66.039,60.578,60.1672,61.7362,-4.0534,16.8059,-5.4609,-0.4108,1.569,-0.0761,0.3414,-0.0827,-0.0068,0.0261,8.4498,0.1586,0.0299
Business,2231,Human Resource Professionals,66.1604,77.9727,86.6586,84.1922,86.0705,84.7299,11.8124,8.6859,-2.4664,1.8783,-1.3406,0.1785,0.1114,-0.0285,0.0223,-0.0156,18.5696,0.2807,0.0507
Business,2243,Economists,3.9932,6.5282,6.1843,5.2684,4.1417,5.378,2.535,-0.3439,-0.9158,-1.1268,1.2363,0.6348,-0.0527,-0.1481,-0.2139,0.2985,1.3848,0.3468,0.0614
Business,2244,Intelligence and Policy Analysts,29.7246,30.8833,30.0164,37.6962,41.794,42.9829,1.1588,-0.8669,7.6798,4.0978,1.1889,0.039,-0.0281,0.2559,0.1087,0.0284,13.2583,0.446,0.0766
Business,2247,Management and Organisation Analysts,80.2091,85.5494,98.4131,115.2897,108.0632,102.5089,5.3403,12.8638,16.8765,-7.2264,-5.5543,0.0666,0.1504,0.1715,-0.0627,-0.0514,22.2999,0.278,0.0503
Business,2251,Advertising and Marketing Professionals,82.9087,78.6808,90.0728,95.8514,103.0217,101.2307,-4.2278,11.392,5.7786,7.1703,-1.791,-0.051,0.1448,0.0642,0.0748,-0.0174,18.322,0.221,0.0407
Business,2253,Public Relations Professionals,25.8885,22.9371,24.0419,34.7884,28.399,31.1901,-2.9513,1.1047,10.7465,-6.3894,2.7911,-0.114,0.0482,0.447,-0.1837,0.0983,5.3016,0.2048,0.038
Business,5111,"Contract, Program and Project Administrators",126.9125,121.3389,131.8605,152.2735,156.7096,153.106,-5.5736,10.5216,20.4131,4.4361,-3.6036,-0.0439,0.0867,0.1548,0.0291,-0.023,26.1935,0.2064,0.0382
Business,5211,Personal Assistants,44.7868,49.8667,46.1962,53.8309,54.7244,45.3879,5.0799,-3.6705,7.6347,0.8936,-9.3366,0.1134,-0.0736,0.1653,0.0166,-0.1706,0.6011,0.0134,0.0027
Business,5311,General Clerks,310.1882,288.7811,295.0515,292.4761,275.5828,286.5555,-21.4071,6.2705,-2.5754,-16.8933,10.9726,-0.069,0.0217,-0.0087,-0.0578,0.0398,-23.6327,-0.0762,-0.0157
Business,5511,Accounting Clerks,142.0245,130.3646,123.8869,144.005,148.9998,139.3505,-11.6599,-6.4777,20.1181,4.9948,-9.6493,-0.0821,-0.0497,0.1624,0.0347,-0.0648,-2.6741,-0.0188,-0.0038
Business,5512,Bookkeepers,101.0818,97.5709,99.2458,92.9194,94.3231,87.468,-3.5108,1.6749,-6.3264,1.4037,-6.8551,-0.0347,0.0172,-0.0637,0.0151,-0.0727,-13.6137,-0.1347,-0.0285
Business,5521,Bank Workers,46.9811,37.5643,37.9843,50.3975,45.0699,35.4558,-9.4168,0.42,12.4132,-5.3276,-9.6141,-0.2004,0.0112,0.3268,-0.1057,-0.2133,-11.5253,-0.2453,-0.0547
Business,5522,Credit and Loans Officers,30.1699,34.1329,41.0822,38.6315,38.5609,34.4427,3.963,6.9493,-2.4507,-0.0706,-4.1182,0.1314,0.2036,-0.0597,-0.0018,-0.1068,4.2728,0.1416,0.0268
Business,5911,Purchasing and Supply Logistics Clerks,92.3978,90.9718,97.1455,106.1329,127.8068,120.9727,-1.4259,6.1737,8.9874,21.674,-6.8342,-0.0154,0.0679,0.0925,0.2042,-0.0535,28.5749,0.3093,0.0554
Business,5994,Human Resource Clerks,13.7446,12.6411,22.5347,24.7401,22.3168,20.6057,-1.1035,9.8936,2.2055,-2.4233,-1.7111,-0.0803,0.7827,0.0979,-0.0979,-0.0767,6.8611,0.4992,0.0844
Business,6121,Real Estate Sales Agents,91.8123,96.6672,94.7783,93.4136,109.7501,106.4982,4.8548,-1.8888,-1.3647,16.3365,-3.2519,0.0529,-0.0195,-0.0144,0.1749,-0.0296,14.6859,0.16,0.0301
Creative,2111,"Actors, Dancers and Other Entertainers",5.4974,6.5204,6.125,5.6726,9.0995,9.0368,1.023,-0.3954,-0.4524,3.4269,-0.0627,0.1861,-0.0606,-0.0739,0.6041,-0.0069,3.5394,0.6438,0.1045
Creative,2112,Music Professionals,7.7781,13.444,10.1237,12.1779,9.6457,10.8522,5.6659,-3.3203,2.0542,-2.5322,1.2066,0.7284,-0.247,0.2029,-0.2079,0.1251,3.0741,0.3952,0.0689
Creative,2113,Photographers,14.5991,13.6485,15.1005,12.8236,16.0963,13.4898,-0.9506,1.452,-2.2769,3.2727,-2.6065,-0.0651,0.1064,-0.1508,0.2552,-0.1619,-1.1093,-0.076,-0.0157
Creative,2114,Visual Arts and Crafts Professionals,12.6125,12.5199,11.0307,9.6826,13.1331,14.6936,-0.0926,-1.4892,-1.3481,3.4505,1.5605,-0.0073,-0.1189,-0.1222,0.3564,0.1188,2.0812,0.165,0.031
Creative,2121,"Artistic Directors, and Media Producers and Presenters",12.7576,13.6321,12.5898,13.5815,15.0025,13.7343,0.8745,-1.0423,0.9917,1.421,-1.2682,0.0686,-0.0765,0.0788,0.1046,-0.0845,0.9768,0.0766,0.0149
Creative,2122,"Authors, and Book and Script Editors",8.31,7.5944,6.3847,4.641,7.269,6.3073,-0.7156,-1.2097,-1.7436,2.628,-0.9617,-0.0861,-0.1593,-0.2731,0.5663,-0.1323,-2.0027,-0.241,-0.0537
Creative,2124,Journalists and Other Writers,25.8062,23.1128,22.5644,27.1836,23.7217,20.7464,-2.6934,-0.5484,4.6192,-3.4619,-2.9753,-0.1044,-0.0237,0.2047,-0.1274,-0.1254,-5.0599,-0.1961,-0.0427
Creative,2323,"Fashion, Industrial and Jewellery Designers",13.4256,12.2494,11.3028,16.6613,11.6057,13.5612,-1.1762,-0.9466,5.3585,-5.0556,1.9555,-0.0876,-0.0773,0.4741,-0.3034,0.1685,0.1356,0.0101,0.002
Creative,2324,"Graphic and Web Designers, and Illustrators",55.7731,52.6658,56.479,50.2095,54.0342,59.3445,-3.1073,3.8132,-6.2695,3.8247,5.3103,-0.0557,0.0724,-0.111,0.0762,0.0983,3.5714,0.064,0.0125
Creative,2325,Interior Designers,13.7127,20.3988,15.8317,15.5248,15.4031,19.1979,6.6861,-4.5671,-0.3069,-0.1216,3.7947,0.4876,-0.2239,-0.0194,-0.0078,0.2464,5.4852,0.4,0.0696
Creative,3995,Performing Arts Technicians,14.3984,16.9898,15.652,14.5036,16.7221,18.9687,2.5914,-1.3378,-1.1484,2.2185,2.2466,0.18,-0.0787,-0.0734,0.153,0.1343,4.5703,0.3174,0.0567
Health,2346,Medical Laboratory Scientists,21.517,27.3382,29.3105,29.1634,28.8543,36.2076,5.8212,1.9723,-0.147,-0.3092,7.3533,0.2705,0.0721,-0.005,-0.0106,0.2548,14.6905,0.6827,0.1097
Health,2511,Nutrition Professionals,8.4233,7.4975,9.7628,10.3455,8.0785,11.9026,-0.9259,2.2653,0.5827,-2.267,3.8241,-0.1099,0.3021,0.0597,-0.2191,0.4734,3.4793,0.4131,0.0716
Health,2512,Medical Imaging Professionals,18.8139,15.6762,20.5794,24.9135,20.7221,25.8658,-3.1377,4.9032,4.334,-4.1913,5.1436,-0.1668,0.3128,0.2106,-0.1682,0.2482,7.0519,0.3748,0.0657
Health,2515,Pharmacists,30.2563,36.601,35.6693,39.0871,41.7104,45.9863,6.3447,-0.9317,3.4178,2.6233,4.2759,0.2097,-0.0255,0.0958,0.0671,0.1025,15.73,0.5199,0.0873
Health,2523,Dental Practitioners,14.4505,18.8625,18.6075,16.5276,21.6911,25.8878,4.412,-0.255,-2.0799,5.1635,4.1967,0.3053,-0.0135,-0.1118,0.3124,0.1935,11.4374,0.7915,0.1237
Health,2524,Occupational Therapists,23.4343,22.2109,24.1069,28.9212,29.382,35.2677,-1.2234,1.896,4.8143,0.4608,5.8857,-0.0522,0.0854,0.1997,0.0159,0.2003,11.8335,0.505,0.0852
Health,2525,Physiotherapists,26.4906,32.6395,34.5727,41.5737,47.7605,44.8689,6.149,1.9332,7.001,6.1868,-2.8915,0.2321,0.0592,0.2025,0.1488,-0.0605,18.3784,0.6938,0.1111
Health,2527,Audiologists and Speech Pathologists \ Therapists,12.0362,15.1038,16.8819,19.6984,23.57,22.7011,3.0676,1.7781,2.8165,3.8716,-0.8689,0.2549,0.1177,0.1668,0.1965,-0.0369,10.665,0.8861,0.1353
Health,2541,Midwives,21.6853,23.4013,18.2731,17.3711,21.2487,20.4442,1.7159,-5.1282,-0.902,3.8776,-0.8046,0.0791,-0.2191,-0.0494,0.2232,-0.0379,-1.2412,-0.0572,-0.0117
Health,2544,Registered Nurses,295.483,294.3645,315.1257,339.8791,338.4381,361.1042,-1.1185,20.7613,24.7534,-1.4411,22.6662,-0.0038,0.0705,0.0786,-0.0042,0.067,65.6213,0.2221,0.0409
Health,2723,Psychologists,32.1566,30.8572,40.7151,41.223,53.067,51.5546,-1.2994,9.8579,0.5079,11.844,-1.5124,-0.0404,0.3195,0.0125,0.2873,-0.0285,19.398,0.6032,0.099
Health,3112,Medical Technicians,33.9606,32.4157,34.5686,34.373,37.2504,40.8682,-1.5449,2.153,-0.1956,2.8773,3.6178,-0.0455,0.0664,-0.0057,0.0837,0.0971,6.9076,0.2034,0.0377
Health,3613,Veterinary Nurses,16.7809,12.7632,14.498,15.8487,13.257,19.7932,-4.0177,1.7348,1.3508,-2.5917,6.5361,-0.2394,0.1359,0.0932,-0.1635,0.493,3.0122,0.1795,0.0336
Health,4111,Ambulance Officers and Paramedics,17.5657,18.2199,22.4077,25.4245,28.6937,25.2612,0.6542,4.1878,3.0168,3.2691,-3.4325,0.0372,0.2298,0.1346,0.1286,-0.1196,7.6955,0.4381,0.0754
Health,4112,"Dental Hygienists, Technicians and Therapists",7.4085,7.9882,7.5701,10.1396,8.5617,8.699,0.5796,-0.418,2.5695,-1.578,0.1373,0.0782,-0.0523,0.3394,-0.1556,0.016,1.2904,0.1742,0.0326
Health,4114,Enrolled and Mothercraft Nurses,25.3267,24.5505,23.2295,21.5142,19.8228,21.6275,-0.7761,-1.321,-1.7153,-1.6915,1.8047,-0.0306,-0.0538,-0.0738,-0.0786,0.091,-3.6992,-0.1461,-0.0311
Health,4231,Aged and Disabled Carers,220.1708,244.8069,283.4735,283.3952,333.4332,358.8497,24.6362,38.6665,-0.0783,50.038,25.4165,0.1119,0.1579,-0.0003,0.1766,0.0762,138.6789,0.6299,0.1026
Health,4232,Dental Assistants,23.0128,29.1254,30.8674,31.3137,30.4077,30.9125,6.1126,1.742,0.4463,-0.906,0.5048,0.2656,0.0598,0.0145,-0.0289,0.0166,7.8997,0.3433,0.0608
Health,4233,Nursing Support and Personal Care Workers,89.2402,93.4553,95.0964,96.5063,106.9338,116.2855,4.2151,1.6411,1.4099,10.4274,9.3518,0.0472,0.0176,0.0148,0.108,0.0875,27.0453,0.3031,0.0544
ICT,2232,ICT Trainers,2.551,1.5586,3.5109,2.5686,2.8674,2.8767,-0.9924,1.9523,-0.9423,0.2988,0.0093,-0.389,1.2526,-0.2684,0.1163,0.0032,0.3256,0.1276,0.0243
ICT,2241,"Actuaries, Mathematicians and Statisticians",12.1265,12.901,9.0192,10.5244,9.757,11.2335,0.7744,-3.8818,1.5052,-0.7674,1.4764,0.0639,-0.3009,0.1669,-0.0729,0.1513,-0.893,-0.0736,-0.0152
ICT,2252,ICT Sales Professionals,14.6664,18.0254,15.9021,21.7751,20.9458,17.9967,3.359,-2.1234,5.873,-0.8293,-2.949,0.229,-0.1178,0.3693,-0.0381,-0.1408,3.3303,0.2271,0.0418
ICT,2611,ICT Business and Systems Analysts,36.2147,40.5477,50.7936,49.0073,48.8822,45.7897,4.333,10.2459,-1.7863,-0.125,-3.0925,0.1196,0.2527,-0.0352,-0.0026,-0.0633,9.575,0.2644,0.048
ICT,2612,Multimedia Specialists and Web Developers,12.5463,16.664,14.8542,14.4043,13.1961,11.1417,4.1177,-1.8099,-0.4499,-1.2082,-2.0544,0.3282,-0.1086,-0.0303,-0.0839,-0.1557,-1.4046,-0.112,-0.0235
ICT,2613,Software and Applications Programmers,137.2622,145.421,158.5685,163.9706,188.0812,188.4418,8.1587,13.1476,5.402,24.1106,0.3606,0.0594,0.0904,0.0341,0.147,0.0019,51.1796,0.3729,0.0654
ICT,2621,"Database and Systems Administrators, and ICT Security Specialists",45.2605,61.2288,61.7925,65.2843,66.5585,68.0826,15.9684,0.5636,3.4919,1.2741,1.5241,0.3528,0.0092,0.0565,0.0195,0.0229,22.8221,0.5042,0.0851
ICT,2631,Computer Network Professionals,42.3473,39.5616,38.1433,40.6981,43.595,47.6365,-2.7857,-1.4183,2.5548,2.897,4.0414,-0.0658,-0.0358,0.067,0.0712,0.0927,5.2891,0.1249,0.0238
ICT,2632,ICT Support and Test Engineers,14.7059,15.4754,15.6447,13.1461,14.9381,17.8805,0.7696,0.1693,-2.4986,1.7919,2.9424,0.0523,0.0109,-0.1597,0.1363,0.197,3.1746,0.2159,0.0399
ICT,2633,Telecommunications Engineering Professionals,14.5342,14.9556,15.6142,11.6437,12.3876,16.0739,0.4214,0.6586,-3.9705,0.7439,3.6862,0.029,0.044,-0.2543,0.0639,0.2976,1.5397,0.1059,0.0203
ICT,3131,ICT Support Technicians,72.6197,69.3444,70.8415,71.1282,73.0346,74.0174,-3.2753,1.4971,0.2867,1.9064,0.9829,-0.0451,0.0216,0.004,0.0268,0.0135,1.3977,0.0192,0.0038
ICT,3132,Telecommunications Technical Specialists,2.9481,2.6299,4.9365,3.2395,4.5234,3.5369,-0.3182,2.3066,-1.697,1.2839,-0.9865,-0.1079,0.8771,-0.3438,0.3963,-0.2181,0.5887,0.1997,0.0371
ICT,6212,ICT Sales Assistants,14.8003,18.053,13.7451,19.0169,16.3477,13.6555,3.2527,-4.3078,5.2718,-2.6691,-2.6923,0.2198,-0.2386,0.3835,-0.1404,-0.1647,-1.1448,-0.0774,-0.016
Trades,3211,Automotive Electricians,5.7763,8.2553,8.1539,13.1369,12.8185,9.4789,2.4791,-0.1014,4.983,-0.3185,-3.3396,0.4292,-0.0123,0.6111,-0.0242,-0.2605,3.7026,0.641,0.1041
Trades,3212,Motor Mechanics,93.6105,108.3024,107.9435,111.2532,104.3874,112.1697,14.6919,-0.3589,3.3097,-6.8658,7.7822,0.1569,-0.0033,0.0307,-0.0617,0.0746,18.5592,0.1983,0.0368
Trades,3223,Structural Steel and Welding Trades Workers,79.3469,73.1691,72.9363,76.0065,78.8077,78.0399,-6.1777,-0.2328,3.0701,2.8013,-0.7678,-0.0779,-0.0032,0.0421,0.0369,-0.0097,-1.3069,-0.0165,-0.0033
Trades,3231,Aircraft Maintenance Engineers,10.7468,12.3382,11.7939,12.5282,9.3817,10.6253,1.5914,-0.5443,0.7343,-3.1465,1.2436,0.1481,-0.0441,0.0623,-0.2512,0.1326,-0.1215,-0.0113,-0.0023
Trades,3232,Metal Fitters and Machinists,113.0531,115.8491,111.4509,118.5162,119.9902,122.041,2.796,-4.3982,7.0654,1.4739,2.0508,0.0247,-0.038,0.0634,0.0124,0.0171,8.9879,0.0795,0.0154
Trades,3311,Bricklayers and Stonemasons,24.9164,23.6078,32.0778,29.2739,26.3579,23.2165,-1.3086,8.47,-2.8039,-2.916,-3.1413,-0.0525,0.3588,-0.0874,-0.0996,-0.1192,-1.6999,-0.0682,-0.014
Trades,3312,Carpenters and Joiners,120.4885,136.545,144.6133,143.8385,142.2119,150.5628,16.0565,8.0683,-0.7748,-1.6265,8.3508,0.1333,0.0591,-0.0054,-0.0113,0.0587,30.0742,0.2496,0.0456
Trades,3322,Painting Trades Workers,48.4178,40.94,55.9153,57.8182,58.0892,44.3504,-7.4778,14.9753,1.9029,0.2709,-13.7388,-0.1544,0.3658,0.034,0.0047,-0.2365,-4.0675,-0.084,-0.0174
Trades,3341,Plumbers,89.4773,86.0718,97.8385,87.9279,105.8449,108.4578,-3.4055,11.7668,-9.9106,17.9169,2.6129,-0.0381,0.1367,-0.1013,0.2038,0.0247,18.9805,0.2121,0.0392
Trades,3411,Electricians,153.0244,160.7375,170.5409,181.9317,185.4743,195.2431,7.7131,9.8034,11.3908,3.5426,9.7688,0.0504,0.061,0.0668,0.0195,0.0527,42.2187,0.2759,0.0499
Trades,3421,Airconditioning and Refrigeration Mechanics,26.5445,31.7865,27.809,28.1794,29.5117,37.5923,5.2421,-3.9776,0.3704,1.3324,8.0806,0.1975,-0.1251,0.0133,0.0473,0.2738,11.0478,0.4162,0.0721
Trades,3423,Electronics Trades Workers,31.1134,23.2071,27.1609,24.3608,31.3709,31.7637,-7.9063,3.9538,-2.8001,7.0101,0.3928,-0.2541,0.1704,-0.1031,0.2878,0.0125,0.6502,0.0209,0.0041
Trades,3424,Telecommunications Trades Workers,25.7067,17.8138,17.437,23.1589,19.2025,14.3528,-7.8929,-0.3768,5.7219,-3.9564,-4.8497,-0.307,-0.0211,0.3281,-0.1708,-0.2526,-11.3539,-0.4417,-0.11
Trades,3513,Chefs,92.0144,89.1382,108.4786,116.151,127.3808,127.2557,-2.8762,19.3403,7.6724,11.2298,-0.1252,-0.0313,0.217,0.0707,0.0967,-0.001,35.2413,0.383,0.067
Trades,3514,Cooks,36.6662,38.3806,42.4864,36.4038,39.0832,31.5538,1.7144,4.1058,-6.0827,2.6794,-7.5294,0.0468,0.107,-0.1432,0.0736,-0.1927,-5.1124,-0.1394,-0.0296
Trades,3622,Gardeners,74.5328,79.0085,82.0179,82.6356,86.3881,86.1494,4.4758,3.0093,0.6177,3.7525,-0.2387,0.0601,0.0381,0.0075,0.0454,-0.0028,11.6166,0.1559,0.0294
Trades,3911,Hairdressers,56.6308,64.1129,68.0129,57.6758,63.2024,71.4597,7.4821,3.9,-10.3371,5.5266,8.2573,0.1321,0.0608,-0.152,0.0958,0.1306,14.8289,0.2619,0.0476
Trades,3941,Cabinetmakers,25.197,27.2398,25.7678,27.5667,34.3054,33.2593,2.0428,-1.472,1.7989,6.7387,-1.0461,0.0811,-0.054,0.0698,0.2445,-0.0305,8.0623,0.32,0.0571
